# of domain, cohortId1, cohortId2, cohort diff
0 , 9373 , 9373 , 0
1 , 9373 , 9373 , 0
2 , 9373 , 1909 , 7464
3 , 9373 , 1909 , 7464
4 , 9373 , 1909 , 7464
5 , 9373 , 1909 , 7464
6 , 9373 , 1909 , 7464
7 , 9373 , 1909 , 7464
8 , 9373 , 1909 , 7464
9 , 9373 , 1909 , 7464
10 , 9373 , 1909 , 7464
11 , 9373 , 1909 , 7464
12 , 9373 , 1909 , 7464
13 , 9373 , 1909 , 7464
14 , 9373 , 1909 , 7464
15 , 9373 , 1909 , 7464
16 , 9373 , 1909 , 7464
17 , 9373 , 1909 , 7464
18 , 9373 , 1909 , 7464
19 , 9373 , 1909 , 7464
20 , 9373 , 1909 , 7464
21 , 9373 , 1909 , 7464
22 , 9373 , 1909 , 7464
23 , 9373 , 1909 , 7464
24 , 9373 , 1909 , 7464
25 , 9373 , 1909 , 7464
26 , 9373 , 1909 , 7464
27 , 9373 , 1909 , 7464
28 , 9373 , 9373 , 0
29 , 9373 , 9373 , 0
30 , 9373 , 9373 , 0
31 , 9373 , 9373 , 0
32 , 9373 , 9373 , 0
33 , 9373 , 9373 , 0
34 , 9373 , 9373 , 0
35 , 9373 , 9373 , 0
36 , 9373 , 9373 , 0
37 , 9373 , 9373 , 0
38 , 9373 , 9373 , 0
39 , 9373 , 9373 , 0
40 , 9373 , 9373 , 0
41 , 9373 , 9373 , 0
42 , 9373 , 9375 , -2
43 , 9373 , 9375 , -2
44 , 9373 , 9375 , -2
45 , 9373 , 9375 , -2
46 , 9373 , 9375 , -2
47 , 9373 , 9375 , -2
48 , 9373 , 9375 , -2
49 , 9373 , 9375 , -2
50 , 9373 , 9375 , -2
51 , 9373 , 9375 , -2
52 , 9373 , 9375 , -2
53 , 9373 , 9375 , -2
54 , 9373 , 9375 , -2
55 , 9373 , 9375 , -2
56 , 9373 , 9375 , -2
57 , 9373 , 9375 , -2
58 , 9373 , 9375 , -2
59 , 9373 , 7754 , 1619
60 , 9373 , 7754 , 1619
61 , 9373 , 7754 , 1619
62 , 9373 , 7754 , 1619
63 , 9373 , 7754 , 1619
64 , 9373 , 7754 , 1619
65 , 9373 , 7754 , 1619
66 , 9373 , 7754 , 1619
67 , 9373 , 7754 , 1619
68 , 9373 , 7754 , 1619
69 , 9373 , 7754 , 1619
70 , 9373 , 9375 , -2
71 , 9373 , 9375 , -2
72 , 9373 , 9375 , -2
73 , 9373 , 7754 , 1619
74 , 9373 , 7754 , 1619
75 , 9373 , 7754 , 1619
76 , 9373 , 7754 , 1619
77 , 9373 , 7754 , 1619
78 , 9373 , 7754 , 1619
79 , 9373 , 7754 , 1619
80 , 9373 , 7754 , 1619
81 , 9373 , 7754 , 1619
82 , 9373 , 7754 , 1619
83 , 9373 , 7754 , 1619
84 , 9373 , 7754 , 1619
85 , 9373 , 7754 , 1619
86 , 9373 , 7754 , 1619
87 , 9373 , 7754 , 1619
88 , 9373 , 7754 , 1619
89 , 9373 , 7754 , 1619
90 , 9373 , 7754 , 1619
91 , 9373 , 7754 , 1619
92 , 9373 , 7754 , 1619
93 , 9373 , 7754 , 1619
94 , 9373 , 9375 , -2
95 , 9373 , 9375 , -2
96 , 9373 , 9375 , -2
97 , 9373 , 7754 , 1619
98 , 9373 , 7754 , 1619
99 , 9373 , 7754 , 1619
100 , 9373 , 7754 , 1619
101 , 9373 , 9375 , -2
102 , 9373 , 7754 , 1619
103 , 9373 , 7754 , 1619
104 , 9373 , 7754 , 1619
105 , 9373 , 7754 , 1619
106 , 9373 , 9375 , -2
107 , 9373 , 9375 , -2
108 , 9373 , 9375 , -2
109 , 9373 , 9375 , -2
110 , 9373 , 9375 , -2
111 , 9373 , 7754 , 1619
112 , 9373 , 7754 , 1619
113 , 9373 , 7754 , 1619
114 , 9373 , 7754 , 1619
115 , 9373 , 9375 , -2
116 , 9373 , 7754 , 1619
117 , 9373 , 7754 , 1619
118 , 9373 , 7754 , 1619
119 , 9373 , 7754 , 1619
120 , 9373 , 7754 , 1619
121 , 9373 , 7752 , 1621
122 , 9373 , 7754 , 1619
123 , 9373 , 7754 , 1619
124 , 9373 , 7754 , 1619
125 , 9373 , 7754 , 1619
126 , 9373 , 7754 , 1619
127 , 9373 , 7754 , 1619
128 , 9373 , 7754 , 1619
129 , 9373 , 7754 , 1619
130 , 9373 , 7754 , 1619
131 , 9373 , 9375 , -2
132 , 9373 , 7754 , 1619
133 , 9373 , 7754 , 1619
134 , 9373 , 7754 , 1619
135 , 9373 , 7754 , 1619
136 , 9373 , 7754 , 1619
137 , 9373 , 7754 , 1619
138 , 9373 , 7754 , 1619
139 , 9373 , 7754 , 1619
140 , 9373 , 7754 , 1619
141 , 9373 , 7754 , 1619
142 , 9373 , 9375 , -2
143 , 9373 , 9375 , -2
144 , 9373 , 9375 , -2
145 , 9373 , 9373 , 0
146 , 9373 , 9373 , 0
147 , 9373 , 9375 , -2
148 , 9373 , 9373 , 0
149 , 9373 , 9375 , -2
150 , 9373 , 9375 , -2
151 , 9373 , 9375 , -2
152 , 9373 , 9375 , -2
153 , 9373 , 9375 , -2
154 , 9373 , 9373 , 0
155 , 9373 , 9375 , -2
156 , 9373 , 9373 , 0
157 , 9373 , 9373 , 0
158 , 9373 , 7754 , 1619
159 , 9373 , 7752 , 1621
160 , 9373 , 7752 , 1621
161 , 9373 , 7752 , 1621
162 , 9373 , 7752 , 1621
163 , 9373 , 7752 , 1621
164 , 9373 , 7752 , 1621
165 , 9373 , 7752 , 1621
166 , 9373 , 7752 , 1621
167 , 9373 , 7752 , 1621
168 , 9373 , 7752 , 1621
169 , 9373 , 7752 , 1621
170 , 9373 , 7752 , 1621
171 , 9373 , 7752 , 1621
172 , 9373 , 7752 , 1621
173 , 9373 , 7752 , 1621
174 , 9373 , 7752 , 1621
175 , 9373 , 7752 , 1621
176 , 9373 , 7752 , 1621
177 , 9373 , 7752 , 1621
178 , 9373 , 7752 , 1621
179 , 9373 , 7752 , 1621
180 , 9373 , 7752 , 1621
181 , 9373 , 7752 , 1621
182 , 9373 , 7752 , 1621
183 , 9373 , 7752 , 1621
184 , 9373 , 7754 , 1619
185 , 9373 , 7754 , 1619
186 , 9373 , 7754 , 1619
187 , 9373 , 7754 , 1619
188 , 9373 , 7754 , 1619
189 , 9373 , 7754 , 1619
190 , 9373 , 7754 , 1619
191 , 9373 , 7754 , 1619
192 , 9373 , 7754 , 1619
193 , 9373 , 7754 , 1619
194 , 9373 , 7754 , 1619
195 , 9373 , 7754 , 1619
196 , 9373 , 7754 , 1619
197 , 9373 , 7754 , 1619
198 , 9373 , 7754 , 1619
199 , 9373 , 7754 , 1619
200 , 9373 , 7754 , 1619
201 , 9373 , 7754 , 1619
202 , 9373 , 7754 , 1619
203 , 9373 , 7754 , 1619
204 , 9373 , 7754 , 1619
205 , 9373 , 7754 , 1619
206 , 9373 , 7754 , 1619
207 , 9373 , 7754 , 1619
208 , 9373 , 7754 , 1619
209 , 9373 , 7754 , 1619
210 , 9373 , 7754 , 1619
211 , 9373 , 7754 , 1619
212 , 9373 , 7754 , 1619
213 , 9373 , 7754 , 1619
214 , 9373 , 7752 , 1621
215 , 9373 , 7754 , 1619
216 , 9373 , 7754 , 1619
217 , 9373 , 7754 , 1619
218 , 9373 , 7754 , 1619
219 , 9373 , 7754 , 1619
220 , 9373 , 7754 , 1619
221 , 9373 , 7754 , 1619
222 , 9373 , 7754 , 1619
223 , 9373 , 7754 , 1619
224 , 9373 , 7754 , 1619
225 , 9373 , 7754 , 1619
226 , 9373 , 7752 , 1621
227 , 9373 , 7754 , 1619
228 , 9373 , 7754 , 1619
229 , 9373 , 7754 , 1619
230 , 9373 , 7754 , 1619
231 , 9373 , 7754 , 1619
232 , 9373 , 7754 , 1619
233 , 9373 , 7754 , 1619
234 , 9373 , 7754 , 1619
235 , 9373 , 7754 , 1619
236 , 9373 , 7754 , 1619
237 , 9373 , 7754 , 1619
238 , 9373 , 7754 , 1619
239 , 9373 , 7754 , 1619
240 , 9373 , 7754 , 1619
241 , 9373 , 7754 , 1619
242 , 9373 , 7754 , 1619
243 , 9373 , 7754 , 1619
244 , 9373 , 7754 , 1619
245 , 9373 , 7754 , 1619
246 , 9373 , 7754 , 1619
247 , 9373 , 7754 , 1619
248 , 9373 , 7754 , 1619
249 , 9373 , 7754 , 1619
250 , 9373 , 7754 , 1619
251 , 9373 , 7754 , 1619
252 , 9373 , 7752 , 1621
253 , 9373 , 7752 , 1621
254 , 9373 , 7752 , 1621
255 , 9373 , 7752 , 1621
256 , 9373 , 7752 , 1621
257 , 9373 , 7752 , 1621
258 , 9373 , 7752 , 1621
259 , 9373 , 7752 , 1621
260 , 9373 , 7752 , 1621
261 , 9373 , 7752 , 1621
262 , 9373 , 7752 , 1621
263 , 9373 , 7752 , 1621
264 , 9373 , 7752 , 1621
265 , 9373 , 7752 , 1621
266 , 9373 , 7752 , 1621
267 , 9373 , 7752 , 1621
268 , 9373 , 7752 , 1621
269 , 9373 , 7752 , 1621
270 , 9373 , 7752 , 1621
271 , 9373 , 7752 , 1621
272 , 9373 , 7752 , 1621
273 , 9373 , 7752 , 1621
274 , 9373 , 7752 , 1621
275 , 9373 , 7752 , 1621
276 , 9373 , 7752 , 1621
277 , 9373 , 7752 , 1621
278 , 9373 , 7752 , 1621
279 , 9373 , 7752 , 1621
280 , 9373 , 7752 , 1621
281 , 9373 , 7752 , 1621
282 , 9373 , 314 , 9059
283 , 9373 , 314 , 9059
284 , 9373 , 314 , 9059
285 , 9373 , 314 , 9059
286 , 9373 , 314 , 9059
287 , 9373 , 314 , 9059
288 , 9373 , 314 , 9059
289 , 9373 , 314 , 9059
290 , 9373 , 314 , 9059
291 , 9373 , 314 , 9059
292 , 9373 , 314 , 9059
293 , 9373 , 314 , 9059
294 , 9373 , 314 , 9059
295 , 9373 , 314 , 9059
296 , 9373 , 314 , 9059
297 , 9373 , 7752 , 1621
298 , 9373 , 7752 , 1621
299 , 9373 , 7752 , 1621
300 , 9373 , 314 , 9059
301 , 9373 , 315 , 9058
302 , 9373 , 315 , 9058
303 , 9373 , 315 , 9058
304 , 9373 , 314 , 9059
305 , 9373 , 314 , 9059
306 , 9373 , 314 , 9059
307 , 9373 , 315 , 9058
308 , 9373 , 315 , 9058
309 , 9373 , 315 , 9058
310 , 9373 , 315 , 9058
311 , 9373 , 315 , 9058
312 , 9373 , 315 , 9058
313 , 9373 , 315 , 9058
314 , 9373 , 315 , 9058
315 , 9373 , 315 , 9058
316 , 9373 , 7754 , 1619
317 , 9373 , 7754 , 1619
318 , 9373 , 7754 , 1619
319 , 9373 , 315 , 9058
320 , 9373 , 315 , 9058
321 , 9373 , 315 , 9058
322 , 9373 , 315 , 9058
323 , 9373 , 315 , 9058
324 , 9373 , 315 , 9058
325 , 9373 , 315 , 9058
326 , 9373 , 315 , 9058
327 , 9373 , 315 , 9058
328 , 9373 , 315 , 9058
329 , 9373 , 315 , 9058
330 , 9373 , 315 , 9058
331 , 9373 , 315 , 9058
332 , 9373 , 315 , 9058
333 , 9373 , 315 , 9058
334 , 9373 , 315 , 9058
335 , 9373 , 315 , 9058
336 , 9373 , 315 , 9058
337 , 9373 , 315 , 9058
338 , 9373 , 315 , 9058
339 , 9373 , 315 , 9058
340 , 9373 , 315 , 9058
341 , 9373 , 315 , 9058
342 , 9373 , 314 , 9059
343 , 9373 , 314 , 9059
344 , 9373 , 315 , 9058
345 , 9373 , 315 , 9058
346 , 9373 , 314 , 9059
347 , 9373 , 314 , 9059
348 , 9373 , 314 , 9059
349 , 9373 , 315 , 9058
350 , 9373 , 315 , 9058
351 , 9373 , 315 , 9058
352 , 9373 , 315 , 9058
353 , 9373 , 315 , 9058
354 , 9373 , 315 , 9058
355 , 9373 , 315 , 9058
356 , 9373 , 315 , 9058
357 , 9373 , 315 , 9058
358 , 9373 , 315 , 9058
359 , 9373 , 315 , 9058
360 , 9373 , 315 , 9058
361 , 9373 , 315 , 9058
362 , 9373 , 315 , 9058
363 , 9373 , 315 , 9058
364 , 9373 , 315 , 9058
365 , 9373 , 315 , 9058
366 , 9373 , 315 , 9058
367 , 9373 , 315 , 9058
368 , 9373 , 315 , 9058
369 , 9373 , 315 , 9058
370 , 9373 , 315 , 9058
371 , 9373 , 315 , 9058
372 , 9373 , 315 , 9058
373 , 9373 , 315 , 9058
374 , 9373 , 315 , 9058
375 , 9373 , 315 , 9058
376 , 9373 , 315 , 9058
377 , 9373 , 315 , 9058
378 , 9373 , 315 , 9058
379 , 9373 , 315 , 9058
380 , 9373 , 315 , 9058
381 , 9373 , 315 , 9058
382 , 9373 , 315 , 9058
383 , 9373 , 315 , 9058
384 , 9373 , 315 , 9058
385 , 9373 , 315 , 9058
386 , 9373 , 315 , 9058
387 , 9373 , 315 , 9058
388 , 9373 , 315 , 9058
389 , 9373 , 315 , 9058
390 , 9373 , 315 , 9058
391 , 9373 , 315 , 9058
392 , 9373 , 315 , 9058
393 , 9373 , 315 , 9058
394 , 9373 , 315 , 9058
395 , 9373 , 315 , 9058
396 , 9373 , 315 , 9058
397 , 9373 , 315 , 9058
398 , 9373 , 315 , 9058
399 , 9373 , 315 , 9058
400 , 9373 , 315 , 9058
401 , 9373 , 315 , 9058
402 , 9373 , 315 , 9058
403 , 9373 , 315 , 9058
404 , 9373 , 315 , 9058
405 , 9373 , 315 , 9058
406 , 9373 , 315 , 9058
407 , 9373 , 315 , 9058
408 , 9373 , 315 , 9058
409 , 9373 , 315 , 9058
410 , 9373 , 315 , 9058
411 , 9373 , 315 , 9058
412 , 9373 , 315 , 9058
413 , 9373 , 315 , 9058
414 , 9373 , 315 , 9058
415 , 9373 , 315 , 9058
416 , 9373 , 315 , 9058
417 , 9373 , 315 , 9058
418 , 9373 , 315 , 9058
419 , 9373 , 315 , 9058
420 , 9373 , 315 , 9058
421 , 9373 , 315 , 9058
422 , 9373 , 315 , 9058
423 , 9373 , 315 , 9058
424 , 9373 , 315 , 9058
425 , 9373 , 315 , 9058
426 , 9373 , 315 , 9058
427 , 9373 , 315 , 9058
428 , 9373 , 315 , 9058
429 , 9373 , 315 , 9058
430 , 9373 , 315 , 9058
431 , 9373 , 315 , 9058
432 , 9373 , 315 , 9058
433 , 9373 , 315 , 9058
434 , 9373 , 315 , 9058
435 , 9373 , 315 , 9058
436 , 9373 , 315 , 9058
437 , 9373 , 315 , 9058
438 , 9373 , 1911 , 7462
439 , 9373 , 1911 , 7462
440 , 9373 , 315 , 9058
441 , 9373 , 1911 , 7462
442 , 9373 , 315 , 9058
443 , 9373 , 315 , 9058
444 , 9373 , 315 , 9058
445 , 9373 , 315 , 9058
446 , 9373 , 315 , 9058
447 , 9373 , 315 , 9058
448 , 9373 , 315 , 9058
449 , 9373 , 315 , 9058
450 , 9373 , 315 , 9058
451 , 9373 , 315 , 9058
452 , 9373 , 315 , 9058
453 , 9373 , 315 , 9058
454 , 9373 , 315 , 9058
455 , 9373 , 315 , 9058
456 , 9373 , 315 , 9058
457 , 9373 , 315 , 9058
458 , 9373 , 315 , 9058
459 , 9373 , 315 , 9058
460 , 9373 , 315 , 9058
461 , 9373 , 315 , 9058
462 , 9373 , 315 , 9058
463 , 9373 , 315 , 9058
464 , 9373 , 315 , 9058
465 , 9373 , 315 , 9058
466 , 9373 , 315 , 9058
467 , 9373 , 315 , 9058
468 , 9373 , 315 , 9058
469 , 9373 , 315 , 9058
470 , 9373 , 315 , 9058
471 , 9373 , 315 , 9058
472 , 9373 , 315 , 9058
473 , 9373 , 315 , 9058
474 , 9373 , 315 , 9058
475 , 9373 , 315 , 9058
476 , 9373 , 315 , 9058
477 , 9373 , 315 , 9058
478 , 9373 , 315 , 9058
479 , 9373 , 315 , 9058
480 , 9373 , 315 , 9058
481 , 9373 , 315 , 9058
482 , 9373 , 315 , 9058
483 , 9373 , 315 , 9058
484 , 9373 , 315 , 9058
485 , 9373 , 315 , 9058
486 , 9373 , 315 , 9058
487 , 9373 , 315 , 9058
488 , 9373 , 315 , 9058
489 , 9373 , 315 , 9058
490 , 9373 , 315 , 9058
491 , 9373 , 315 , 9058
492 , 9373 , 315 , 9058
493 , 9373 , 315 , 9058
494 , 9373 , 315 , 9058
495 , 9373 , 315 , 9058
496 , 9373 , 315 , 9058
497 , 9373 , 315 , 9058
498 , 9373 , 315 , 9058
499 , 9373 , 315 , 9058
500 , 9373 , 315 , 9058
501 , 9373 , 315 , 9058
502 , 9373 , 315 , 9058
503 , 9373 , 315 , 9058
504 , 9373 , 315 , 9058
505 , 9373 , 315 , 9058
506 , 9373 , 315 , 9058
507 , 9373 , 315 , 9058
508 , 9373 , 315 , 9058
509 , 9373 , 315 , 9058
510 , 9373 , 315 , 9058
511 , 9373 , 315 , 9058
512 , 9373 , 315 , 9058
513 , 9373 , 315 , 9058
514 , 9373 , 315 , 9058
515 , 9373 , 315 , 9058
516 , 9373 , 315 , 9058
517 , 9373 , 315 , 9058
518 , 9373 , 315 , 9058
519 , 9373 , 315 , 9058
520 , 9373 , 315 , 9058
521 , 9373 , 315 , 9058
522 , 9373 , 315 , 9058
523 , 9373 , 315 , 9058
524 , 9373 , 315 , 9058
525 , 9373 , 315 , 9058
526 , 9373 , 315 , 9058
527 , 9373 , 315 , 9058
528 , 9373 , 315 , 9058
529 , 9373 , 315 , 9058
530 , 9373 , 315 , 9058
531 , 9373 , 315 , 9058
532 , 9373 , 315 , 9058
533 , 9373 , 315 , 9058
534 , 9373 , 315 , 9058
535 , 9373 , 315 , 9058
536 , 9373 , 315 , 9058
537 , 9373 , 315 , 9058
538 , 9373 , 315 , 9058
539 , 9373 , 315 , 9058
540 , 9373 , 315 , 9058
541 , 9373 , 315 , 9058
542 , 9373 , 315 , 9058
543 , 9373 , 315 , 9058
544 , 9373 , 315 , 9058
545 , 9373 , 315 , 9058
546 , 9373 , 315 , 9058
547 , 9373 , 315 , 9058
548 , 9373 , 315 , 9058
549 , 9373 , 315 , 9058
550 , 9373 , 315 , 9058
551 , 9373 , 315 , 9058
552 , 9373 , 315 , 9058
553 , 9373 , 315 , 9058
554 , 9373 , 315 , 9058
555 , 9373 , 315 , 9058
556 , 9373 , 315 , 9058
557 , 9373 , 315 , 9058
558 , 9373 , 315 , 9058
559 , 9373 , 315 , 9058
560 , 9373 , 315 , 9058
561 , 9373 , 315 , 9058
562 , 9373 , 315 , 9058
563 , 9373 , 315 , 9058
564 , 9373 , 315 , 9058
565 , 9373 , 315 , 9058
566 , 9373 , 315 , 9058
567 , 9373 , 315 , 9058
568 , 9373 , 315 , 9058
569 , 9373 , 315 , 9058
570 , 9373 , 315 , 9058
571 , 9373 , 315 , 9058
572 , 9373 , 315 , 9058
573 , 9373 , 315 , 9058
574 , 9373 , 315 , 9058
575 , 9373 , 315 , 9058
576 , 9373 , 315 , 9058
577 , 9373 , 315 , 9058
578 , 9373 , 315 , 9058
579 , 9373 , 315 , 9058
580 , 9373 , 315 , 9058
581 , 9373 , 315 , 9058
582 , 9373 , 315 , 9058
583 , 9373 , 315 , 9058
584 , 9373 , 315 , 9058
585 , 9373 , 315 , 9058
586 , 9373 , 315 , 9058
587 , 9373 , 315 , 9058
588 , 9373 , 315 , 9058
589 , 9373 , 315 , 9058
590 , 9373 , 315 , 9058
591 , 9373 , 315 , 9058
592 , 9373 , 315 , 9058
593 , 9373 , 315 , 9058
594 , 9373 , 315 , 9058
595 , 9373 , 315 , 9058
596 , 9373 , 315 , 9058
597 , 9373 , 315 , 9058
598 , 9373 , 315 , 9058
599 , 9373 , 315 , 9058
600 , 9373 , 315 , 9058
601 , 9373 , 315 , 9058
602 , 9373 , 315 , 9058
603 , 9373 , 315 , 9058
604 , 9373 , 315 , 9058
605 , 9373 , 315 , 9058
606 , 9373 , 315 , 9058
607 , 9373 , 315 , 9058
608 , 9373 , 315 , 9058
609 , 9373 , 315 , 9058
610 , 9373 , 315 , 9058
611 , 9373 , 315 , 9058
612 , 9373 , 315 , 9058
613 , 9373 , 315 , 9058
614 , 9373 , 315 , 9058
615 , 9373 , 315 , 9058
616 , 9373 , 315 , 9058
617 , 9373 , 315 , 9058
618 , 9373 , 315 , 9058
619 , 9373 , 315 , 9058
620 , 9373 , 315 , 9058
621 , 9373 , 315 , 9058
622 , 9373 , 315 , 9058
623 , 9373 , 315 , 9058
624 , 9373 , 315 , 9058
625 , 9373 , 315 , 9058
626 , 9373 , 315 , 9058
627 , 9373 , 315 , 9058
628 , 9373 , 315 , 9058
629 , 9373 , 315 , 9058
630 , 9373 , 315 , 9058
631 , 9373 , 315 , 9058
632 , 9373 , 315 , 9058
633 , 9373 , 315 , 9058
634 , 9373 , 315 , 9058
635 , 9373 , 315 , 9058
636 , 9373 , 315 , 9058
637 , 9373 , 315 , 9058
638 , 9373 , 315 , 9058
639 , 9373 , 315 , 9058
640 , 9373 , 315 , 9058
641 , 9373 , 315 , 9058
642 , 9373 , 315 , 9058
643 , 9373 , 315 , 9058
644 , 9373 , 315 , 9058
645 , 9373 , 315 , 9058
646 , 9373 , 315 , 9058
647 , 9373 , 315 , 9058
648 , 9373 , 315 , 9058
649 , 9373 , 315 , 9058
650 , 9373 , 315 , 9058
651 , 9373 , 315 , 9058
652 , 9373 , 315 , 9058
653 , 9373 , 315 , 9058
654 , 9373 , 315 , 9058
655 , 9373 , 315 , 9058
656 , 9373 , 315 , 9058
657 , 9373 , 315 , 9058
658 , 9373 , 315 , 9058
659 , 9373 , 315 , 9058
660 , 9373 , 315 , 9058
661 , 9373 , 315 , 9058
662 , 9373 , 315 , 9058
663 , 9373 , 315 , 9058
664 , 9373 , 315 , 9058
665 , 9373 , 315 , 9058
666 , 9373 , 315 , 9058
667 , 9373 , 315 , 9058
668 , 9373 , 315 , 9058
669 , 9373 , 315 , 9058
670 , 9373 , 315 , 9058
671 , 9373 , 315 , 9058
672 , 9373 , 315 , 9058
673 , 9373 , 315 , 9058
674 , 9373 , 315 , 9058
675 , 9373 , 315 , 9058
676 , 9373 , 315 , 9058
677 , 9373 , 315 , 9058
678 , 9373 , 315 , 9058
679 , 9373 , 315 , 9058
680 , 9373 , 315 , 9058
681 , 9373 , 315 , 9058
682 , 9373 , 315 , 9058
683 , 9373 , 315 , 9058
684 , 9373 , 315 , 9058
685 , 9373 , 315 , 9058
686 , 9373 , 315 , 9058
687 , 9373 , 315 , 9058
688 , 9373 , 315 , 9058
689 , 9373 , 315 , 9058
690 , 9373 , 315 , 9058
691 , 9373 , 315 , 9058
692 , 9373 , 315 , 9058
693 , 9373 , 315 , 9058
694 , 9373 , 315 , 9058
695 , 9373 , 315 , 9058
696 , 9373 , 315 , 9058
697 , 9373 , 315 , 9058
698 , 9373 , 315 , 9058
699 , 9373 , 315 , 9058
700 , 9373 , 315 , 9058
701 , 9373 , 315 , 9058
702 , 9373 , 315 , 9058
703 , 9373 , 315 , 9058
704 , 9373 , 315 , 9058
705 , 9373 , 315 , 9058
706 , 9373 , 315 , 9058
707 , 9373 , 315 , 9058
708 , 9373 , 315 , 9058
709 , 9373 , 315 , 9058
710 , 9373 , 315 , 9058
711 , 9373 , 315 , 9058
712 , 9373 , 315 , 9058
713 , 9373 , 315 , 9058
714 , 9373 , 315 , 9058
715 , 9373 , 315 , 9058
716 , 9373 , 315 , 9058
717 , 9373 , 315 , 9058
718 , 9373 , 315 , 9058
719 , 9373 , 315 , 9058
720 , 9373 , 315 , 9058
721 , 9373 , 315 , 9058
722 , 9373 , 315 , 9058
723 , 9373 , 315 , 9058
724 , 9373 , 315 , 9058
725 , 9373 , 315 , 9058
726 , 9373 , 315 , 9058
727 , 9373 , 315 , 9058
728 , 9373 , 315 , 9058
729 , 9373 , 315 , 9058
730 , 9373 , 315 , 9058
731 , 9373 , 315 , 9058
732 , 9373 , 315 , 9058
733 , 9373 , 315 , 9058
734 , 9373 , 315 , 9058
735 , 9373 , 315 , 9058
736 , 9373 , 315 , 9058
737 , 9373 , 315 , 9058
738 , 9373 , 315 , 9058
739 , 9373 , 315 , 9058
740 , 9373 , 315 , 9058
741 , 9373 , 315 , 9058
742 , 9373 , 315 , 9058
743 , 9373 , 315 , 9058
744 , 9373 , 315 , 9058
745 , 9373 , 315 , 9058
746 , 9373 , 315 , 9058
747 , 9373 , 315 , 9058
748 , 9373 , 315 , 9058
749 , 9373 , 315 , 9058
750 , 9373 , 315 , 9058
751 , 9373 , 315 , 9058
752 , 9373 , 315 , 9058
753 , 9373 , 315 , 9058
754 , 9373 , 315 , 9058
755 , 9373 , 315 , 9058
756 , 9373 , 315 , 9058
757 , 9373 , 315 , 9058
758 , 9373 , 315 , 9058
759 , 9373 , 315 , 9058
760 , 9373 , 315 , 9058
761 , 9373 , 315 , 9058
762 , 9373 , 315 , 9058
763 , 9373 , 315 , 9058
764 , 9373 , 315 , 9058
765 , 9373 , 315 , 9058
766 , 9373 , 315 , 9058
767 , 9373 , 315 , 9058
768 , 9373 , 315 , 9058
769 , 9373 , 315 , 9058
770 , 9373 , 315 , 9058
771 , 9373 , 315 , 9058
772 , 9373 , 315 , 9058
773 , 9373 , 315 , 9058
774 , 9373 , 315 , 9058
775 , 9373 , 315 , 9058
776 , 9373 , 315 , 9058
777 , 9373 , 315 , 9058
778 , 9373 , 315 , 9058
779 , 9373 , 315 , 9058
780 , 9373 , 315 , 9058
781 , 9373 , 315 , 9058
782 , 9373 , 315 , 9058
783 , 9373 , 315 , 9058
784 , 9373 , 315 , 9058
785 , 9373 , 315 , 9058
786 , 9373 , 315 , 9058
787 , 9373 , 315 , 9058
788 , 9373 , 315 , 9058
789 , 9373 , 315 , 9058
790 , 9373 , 315 , 9058
791 , 9373 , 315 , 9058
792 , 9373 , 315 , 9058
793 , 9373 , 315 , 9058
794 , 9373 , 315 , 9058
795 , 9373 , 315 , 9058
796 , 9373 , 315 , 9058
797 , 9373 , 315 , 9058
798 , 9373 , 315 , 9058
799 , 9373 , 315 , 9058
800 , 9373 , 315 , 9058
801 , 9373 , 315 , 9058
802 , 9373 , 315 , 9058
803 , 9373 , 315 , 9058
804 , 9373 , 315 , 9058
805 , 9373 , 315 , 9058
806 , 9373 , 315 , 9058
807 , 9373 , 315 , 9058
808 , 9373 , 315 , 9058
809 , 9373 , 315 , 9058
810 , 9373 , 315 , 9058
811 , 9373 , 315 , 9058
812 , 9373 , 315 , 9058
813 , 9373 , 315 , 9058
814 , 9373 , 315 , 9058
815 , 9373 , 315 , 9058
816 , 9373 , 315 , 9058
817 , 9373 , 315 , 9058
818 , 9373 , 315 , 9058
819 , 9373 , 315 , 9058
820 , 9373 , 315 , 9058
821 , 9373 , 315 , 9058
822 , 9373 , 315 , 9058
823 , 9373 , 315 , 9058
824 , 9373 , 315 , 9058
825 , 9373 , 315 , 9058
826 , 9373 , 315 , 9058
827 , 9373 , 315 , 9058
828 , 9373 , 315 , 9058
829 , 9373 , 315 , 9058
830 , 9373 , 315 , 9058
831 , 9373 , 315 , 9058
832 , 9373 , 315 , 9058
833 , 9373 , 315 , 9058
834 , 9373 , 315 , 9058
835 , 9373 , 315 , 9058
836 , 9373 , 315 , 9058
837 , 9373 , 315 , 9058
838 , 9373 , 315 , 9058
839 , 9373 , 315 , 9058
840 , 9373 , 315 , 9058
841 , 9373 , 315 , 9058
842 , 9373 , 315 , 9058
843 , 9373 , 315 , 9058
844 , 9373 , 315 , 9058
845 , 9373 , 315 , 9058
846 , 9373 , 315 , 9058
847 , 9373 , 315 , 9058
848 , 9373 , 315 , 9058
849 , 9373 , 315 , 9058
850 , 9373 , 315 , 9058
851 , 9373 , 315 , 9058
852 , 9373 , 315 , 9058
853 , 9373 , 315 , 9058
854 , 9373 , 315 , 9058
855 , 9373 , 315 , 9058
856 , 9373 , 315 , 9058
857 , 9373 , 315 , 9058
858 , 9373 , 315 , 9058
859 , 9373 , 315 , 9058
860 , 9373 , 315 , 9058
861 , 9373 , 315 , 9058
862 , 9373 , 315 , 9058
863 , 9373 , 315 , 9058
864 , 9373 , 315 , 9058
865 , 9373 , 315 , 9058
866 , 9373 , 315 , 9058
867 , 9373 , 315 , 9058
868 , 9373 , 315 , 9058
869 , 9373 , 315 , 9058
870 , 9373 , 315 , 9058
871 , 9373 , 315 , 9058
872 , 9373 , 315 , 9058
873 , 9373 , 315 , 9058
874 , 9373 , 315 , 9058
875 , 9373 , 315 , 9058
876 , 9373 , 315 , 9058
877 , 9373 , 315 , 9058
878 , 9373 , 315 , 9058
879 , 9373 , 315 , 9058
880 , 9373 , 315 , 9058
881 , 9373 , 315 , 9058
882 , 9373 , 315 , 9058
883 , 9373 , 315 , 9058
884 , 9373 , 315 , 9058
885 , 9373 , 315 , 9058
886 , 9373 , 315 , 9058
887 , 9373 , 315 , 9058
888 , 9373 , 315 , 9058
889 , 9373 , 315 , 9058
890 , 9373 , 315 , 9058
891 , 9373 , 315 , 9058
892 , 9373 , 315 , 9058
893 , 9373 , 315 , 9058
894 , 9373 , 315 , 9058
895 , 9373 , 315 , 9058
896 , 9373 , 315 , 9058
897 , 9373 , 315 , 9058
898 , 9373 , 315 , 9058
899 , 9373 , 315 , 9058
900 , 9373 , 315 , 9058
901 , 9373 , 315 , 9058
902 , 9373 , 315 , 9058
903 , 9373 , 315 , 9058
904 , 9373 , 315 , 9058
905 , 9373 , 315 , 9058
906 , 9373 , 315 , 9058
907 , 9373 , 315 , 9058
908 , 9373 , 315 , 9058
909 , 9373 , 315 , 9058
910 , 9373 , 315 , 9058
911 , 9373 , 315 , 9058
912 , 9373 , 315 , 9058
913 , 9373 , 315 , 9058
914 , 9373 , 315 , 9058
915 , 9373 , 315 , 9058
916 , 9373 , 315 , 9058
917 , 9373 , 315 , 9058
918 , 9373 , 315 , 9058
919 , 9373 , 315 , 9058
920 , 9373 , 315 , 9058
921 , 9373 , 315 , 9058
922 , 9373 , 315 , 9058
923 , 9373 , 315 , 9058
924 , 9373 , 315 , 9058
925 , 9373 , 315 , 9058
926 , 9373 , 315 , 9058
927 , 9373 , 315 , 9058
928 , 9373 , 315 , 9058
929 , 9373 , 315 , 9058
930 , 9373 , 315 , 9058
931 , 9373 , 315 , 9058
932 , 9373 , 315 , 9058
933 , 9373 , 315 , 9058
934 , 9373 , 315 , 9058
935 , 9373 , 315 , 9058
936 , 9373 , 315 , 9058
937 , 9373 , 315 , 9058
938 , 9373 , 315 , 9058
939 , 9373 , 315 , 9058
940 , 9373 , 315 , 9058
941 , 9373 , 315 , 9058
942 , 9373 , 315 , 9058
943 , 9373 , 315 , 9058
944 , 9373 , 315 , 9058
945 , 9373 , 315 , 9058
946 , 9373 , 315 , 9058
947 , 9373 , 315 , 9058
948 , 9373 , 315 , 9058
949 , 9373 , 315 , 9058
950 , 9373 , 315 , 9058
951 , 9373 , 315 , 9058
952 , 9373 , 315 , 9058
953 , 9373 , 315 , 9058
954 , 9373 , 315 , 9058
955 , 9373 , 315 , 9058
956 , 9373 , 315 , 9058
957 , 9373 , 315 , 9058
958 , 9373 , 315 , 9058
959 , 9373 , 315 , 9058
960 , 9373 , 315 , 9058
961 , 9373 , 315 , 9058
962 , 9373 , 315 , 9058
963 , 9373 , 315 , 9058
964 , 9373 , 315 , 9058
965 , 9373 , 315 , 9058
966 , 9373 , 315 , 9058
967 , 9373 , 315 , 9058
968 , 9373 , 315 , 9058
969 , 9373 , 315 , 9058
970 , 9373 , 315 , 9058
971 , 9373 , 315 , 9058
972 , 9373 , 315 , 9058
973 , 9373 , 315 , 9058
974 , 9373 , 315 , 9058
975 , 9373 , 315 , 9058
976 , 9373 , 315 , 9058
977 , 9373 , 315 , 9058
978 , 9373 , 315 , 9058
979 , 9373 , 315 , 9058
980 , 9373 , 315 , 9058
981 , 9373 , 315 , 9058
982 , 9373 , 315 , 9058
983 , 9373 , 315 , 9058
984 , 9373 , 315 , 9058
985 , 9373 , 315 , 9058
986 , 9373 , 315 , 9058
987 , 9373 , 315 , 9058
988 , 9373 , 315 , 9058
989 , 9373 , 315 , 9058
990 , 9373 , 315 , 9058
991 , 9373 , 315 , 9058
992 , 9373 , 315 , 9058
993 , 9373 , 315 , 9058
994 , 9373 , 315 , 9058
995 , 9373 , 315 , 9058
996 , 9373 , 315 , 9058
997 , 9373 , 315 , 9058
998 , 9373 , 315 , 9058
999 , 9373 , 315 , 9058
1000 , 9373 , 315 , 9058
1001 , 9373 , 315 , 9058
1002 , 9373 , 315 , 9058
1003 , 9373 , 315 , 9058
1004 , 9373 , 315 , 9058
1005 , 9373 , 315 , 9058
1006 , 9373 , 315 , 9058
1007 , 9373 , 315 , 9058
1008 , 9373 , 315 , 9058
1009 , 9373 , 315 , 9058
1010 , 9373 , 315 , 9058
1011 , 9373 , 315 , 9058
1012 , 9373 , 315 , 9058
1013 , 9373 , 315 , 9058
1014 , 9373 , 315 , 9058
1015 , 9373 , 315 , 9058
1016 , 9373 , 315 , 9058
1017 , 9373 , 315 , 9058
1018 , 9373 , 315 , 9058
1019 , 9373 , 315 , 9058
1020 , 9373 , 315 , 9058
1021 , 9373 , 315 , 9058
1022 , 9373 , 315 , 9058
1023 , 9373 , 315 , 9058
1024 , 9373 , 315 , 9058
1025 , 9373 , 315 , 9058
1026 , 9373 , 315 , 9058
1027 , 9373 , 315 , 9058
1028 , 9373 , 315 , 9058
1029 , 9373 , 315 , 9058
1030 , 9373 , 315 , 9058
1031 , 9373 , 315 , 9058
1032 , 9373 , 315 , 9058
1033 , 9373 , 315 , 9058
1034 , 9373 , 315 , 9058
1035 , 9373 , 315 , 9058
1036 , 9373 , 315 , 9058
1037 , 9373 , 315 , 9058
1038 , 9373 , 315 , 9058
1039 , 9373 , 315 , 9058
1040 , 9373 , 315 , 9058
1041 , 9373 , 315 , 9058
1042 , 9373 , 315 , 9058
1043 , 9373 , 315 , 9058
1044 , 9373 , 315 , 9058
1045 , 9373 , 315 , 9058
1046 , 9373 , 315 , 9058
1047 , 9373 , 315 , 9058
1048 , 9373 , 315 , 9058
1049 , 9373 , 315 , 9058
1050 , 9373 , 315 , 9058
1051 , 9373 , 315 , 9058
1052 , 9373 , 315 , 9058
1053 , 9373 , 315 , 9058
1054 , 9373 , 315 , 9058
1055 , 9373 , 315 , 9058
1056 , 9373 , 315 , 9058
1057 , 9373 , 315 , 9058
1058 , 9373 , 315 , 9058
1059 , 9373 , 315 , 9058
1060 , 9373 , 315 , 9058
1061 , 9373 , 315 , 9058
1062 , 9373 , 315 , 9058
1063 , 9373 , 315 , 9058
1064 , 9373 , 315 , 9058
1065 , 9373 , 315 , 9058
1066 , 9373 , 315 , 9058
1067 , 9373 , 315 , 9058
1068 , 9373 , 315 , 9058
1069 , 9373 , 315 , 9058
1070 , 9373 , 315 , 9058
1071 , 9373 , 315 , 9058
1072 , 9373 , 315 , 9058
1073 , 9373 , 315 , 9058
1074 , 9373 , 315 , 9058
1075 , 9373 , 315 , 9058
1076 , 9373 , 315 , 9058
1077 , 9373 , 315 , 9058
1078 , 9373 , 315 , 9058
1079 , 9373 , 315 , 9058
1080 , 9373 , 315 , 9058
1081 , 9373 , 315 , 9058
1082 , 9373 , 315 , 9058
1083 , 9373 , 315 , 9058
1084 , 9373 , 315 , 9058
1085 , 9373 , 315 , 9058
1086 , 9373 , 315 , 9058
1087 , 9373 , 315 , 9058
1088 , 9373 , 315 , 9058
1089 , 9373 , 315 , 9058
1090 , 9373 , 315 , 9058
1091 , 9373 , 315 , 9058
1092 , 9373 , 315 , 9058
1093 , 9373 , 315 , 9058
1094 , 9373 , 315 , 9058
1095 , 9373 , 315 , 9058
1096 , 9373 , 315 , 9058
1097 , 9373 , 315 , 9058
1098 , 9373 , 315 , 9058
1099 , 9373 , 315 , 9058
1100 , 9373 , 315 , 9058
1101 , 9373 , 315 , 9058
1102 , 9373 , 315 , 9058
1103 , 9373 , 315 , 9058
1104 , 9373 , 315 , 9058
1105 , 9373 , 315 , 9058
1106 , 9373 , 315 , 9058
1107 , 9373 , 315 , 9058
1108 , 9373 , 315 , 9058
1109 , 9373 , 315 , 9058
1110 , 9373 , 315 , 9058
1111 , 9373 , 315 , 9058
1112 , 9373 , 315 , 9058
1113 , 9373 , 315 , 9058
1114 , 9373 , 315 , 9058
1115 , 9373 , 315 , 9058
1116 , 9373 , 315 , 9058
1117 , 9373 , 315 , 9058
1118 , 9373 , 315 , 9058
1119 , 9373 , 315 , 9058
1120 , 9373 , 315 , 9058
1121 , 9373 , 315 , 9058
1122 , 9373 , 315 , 9058
1123 , 9373 , 315 , 9058
1124 , 9373 , 315 , 9058
1125 , 9373 , 315 , 9058
1126 , 9373 , 315 , 9058
1127 , 9373 , 315 , 9058
1128 , 9373 , 315 , 9058
1129 , 9373 , 315 , 9058
1130 , 9373 , 315 , 9058
1131 , 9373 , 315 , 9058
1132 , 9373 , 315 , 9058
1133 , 9373 , 315 , 9058
1134 , 9373 , 315 , 9058
1135 , 9373 , 315 , 9058
1136 , 9373 , 315 , 9058
1137 , 9373 , 315 , 9058
1138 , 9373 , 315 , 9058
1139 , 9373 , 315 , 9058
1140 , 9373 , 315 , 9058
1141 , 9373 , 315 , 9058
1142 , 9373 , 315 , 9058
1143 , 9373 , 315 , 9058
1144 , 9373 , 315 , 9058
1145 , 9373 , 315 , 9058
1146 , 9373 , 315 , 9058
1147 , 9373 , 315 , 9058
1148 , 9373 , 315 , 9058
1149 , 9373 , 315 , 9058
1150 , 9373 , 315 , 9058
1151 , 9373 , 315 , 9058
1152 , 9373 , 315 , 9058
1153 , 9373 , 315 , 9058
1154 , 9373 , 315 , 9058
1155 , 9373 , 315 , 9058
1156 , 9373 , 315 , 9058
1157 , 9373 , 315 , 9058
1158 , 9373 , 315 , 9058
1159 , 9373 , 315 , 9058
1160 , 9373 , 315 , 9058
1161 , 9373 , 315 , 9058
1162 , 9373 , 315 , 9058
1163 , 9373 , 3702 , 5671
1164 , 9373 , 3702 , 5671
1165 , 9373 , 3702 , 5671
1166 , 9373 , 3702 , 5671
1167 , 9373 , 3702 , 5671
1168 , 9373 , 3702 , 5671
1169 , 9373 , 3702 , 5671
1170 , 9373 , 3702 , 5671
1171 , 9373 , 3702 , 5671
1172 , 9373 , 3702 , 5671
1173 , 9373 , 3702 , 5671
1174 , 9373 , 3702 , 5671
1175 , 9373 , 3702 , 5671
1176 , 9373 , 3702 , 5671
1177 , 9373 , 3702 , 5671
1178 , 9373 , 3702 , 5671
1179 , 9373 , 3702 , 5671
1180 , 9373 , 3702 , 5671
1181 , 9373 , 3702 , 5671
1182 , 9373 , 3702 , 5671
1183 , 9373 , 3702 , 5671
1184 , 9373 , 3702 , 5671
1185 , 9373 , 3702 , 5671
1186 , 9373 , 3702 , 5671
1187 , 9373 , 3702 , 5671
1188 , 9373 , 3702 , 5671
1189 , 9373 , 3702 , 5671
1190 , 9373 , 3702 , 5671
1191 , 9373 , 3702 , 5671
1192 , 9373 , 3702 , 5671
1193 , 9373 , 3702 , 5671
1194 , 9373 , 3702 , 5671
1195 , 9373 , 3702 , 5671
1196 , 9373 , 3702 , 5671
1197 , 9373 , 3702 , 5671
1198 , 9373 , 3702 , 5671
1199 , 9373 , 3702 , 5671
1200 , 9373 , 3702 , 5671
1201 , 9373 , 3702 , 5671
1202 , 9373 , 3702 , 5671
1203 , 9373 , 3702 , 5671
1204 , 9373 , 3702 , 5671
1205 , 9373 , 3702 , 5671
1206 , 9373 , 3702 , 5671
1207 , 9373 , 3702 , 5671
1208 , 9373 , 3702 , 5671
1209 , 9373 , 3702 , 5671
1210 , 9373 , 3702 , 5671
1211 , 9373 , 3702 , 5671
1212 , 9373 , 3702 , 5671
1213 , 9373 , 3702 , 5671
1214 , 9373 , 3702 , 5671
1215 , 9373 , 3702 , 5671
1216 , 9373 , 3702 , 5671
1217 , 9373 , 3702 , 5671
1218 , 9373 , 3702 , 5671
1219 , 9373 , 3702 , 5671
1220 , 9373 , 3702 , 5671
1221 , 9373 , 3702 , 5671
1222 , 9373 , 3702 , 5671
1223 , 9373 , 3702 , 5671
1224 , 9373 , 3702 , 5671
1225 , 9373 , 3702 , 5671
1226 , 9373 , 3702 , 5671
1227 , 9373 , 3702 , 5671
1228 , 9373 , 3702 , 5671
1229 , 9373 , 3702 , 5671
1230 , 9373 , 3702 , 5671
1231 , 9373 , 3702 , 5671
1232 , 9373 , 3702 , 5671
1233 , 9373 , 3702 , 5671
1234 , 9373 , 3702 , 5671
1235 , 9373 , 3702 , 5671
1236 , 9373 , 3702 , 5671
1237 , 9373 , 3702 , 5671
1238 , 9373 , 3702 , 5671
1239 , 9373 , 3702 , 5671
1240 , 9373 , 3702 , 5671
1241 , 9373 , 3702 , 5671
1242 , 9373 , 3702 , 5671
1243 , 9373 , 3702 , 5671
1244 , 9373 , 3702 , 5671
1245 , 9373 , 3702 , 5671
1246 , 9373 , 3702 , 5671
1247 , 9373 , 3702 , 5671
1248 , 9373 , 3702 , 5671
1249 , 9373 , 3702 , 5671
1250 , 9373 , 3702 , 5671
1251 , 9373 , 3702 , 5671
1252 , 9373 , 3702 , 5671
1253 , 9373 , 3702 , 5671
1254 , 9373 , 3702 , 5671
1255 , 9373 , 3702 , 5671
1256 , 9373 , 3702 , 5671
1257 , 9373 , 3702 , 5671
1258 , 9373 , 3702 , 5671
1259 , 9373 , 3702 , 5671
1260 , 9373 , 3702 , 5671
1261 , 9373 , 3702 , 5671
1262 , 9373 , 3702 , 5671
1263 , 9373 , 3702 , 5671
1264 , 9373 , 3702 , 5671
1265 , 9373 , 3702 , 5671
1266 , 9373 , 3702 , 5671
1267 , 9373 , 3702 , 5671
1268 , 9373 , 315 , 9058
1269 , 9373 , 315 , 9058
1270 , 9373 , 315 , 9058
1271 , 9373 , 315 , 9058
1272 , 9373 , 315 , 9058
1273 , 9373 , 315 , 9058
1274 , 9373 , 3702 , 5671
1275 , 9373 , 3702 , 5671
1276 , 9373 , 3702 , 5671
1277 , 9373 , 3702 , 5671
1278 , 9373 , 3702 , 5671
1279 , 9373 , 3702 , 5671
1280 , 9373 , 3702 , 5671
1281 , 9373 , 315 , 9058
1282 , 9373 , 315 , 9058
1283 , 9373 , 3702 , 5671
1284 , 9373 , 3702 , 5671
1285 , 9373 , 315 , 9058
1286 , 9373 , 3702 , 5671
1287 , 9373 , 3702 , 5671
1288 , 9373 , 3702 , 5671
1289 , 9373 , 315 , 9058
1290 , 9373 , 315 , 9058
1291 , 9373 , 315 , 9058
1292 , 9373 , 3702 , 5671
1293 , 9373 , 3702 , 5671
1294 , 9373 , 3702 , 5671
1295 , 9373 , 3702 , 5671
1296 , 9373 , 3702 , 5671
1297 , 9373 , 3702 , 5671
1298 , 9373 , 3702 , 5671
1299 , 9373 , 3702 , 5671
1300 , 9373 , 3702 , 5671
1301 , 9373 , 3702 , 5671
1302 , 9373 , 3702 , 5671
1303 , 9373 , 3702 , 5671
1304 , 9373 , 3702 , 5671
1305 , 9373 , 3702 , 5671
1306 , 9373 , 3702 , 5671
1307 , 9373 , 3702 , 5671
1308 , 9373 , 3702 , 5671
1309 , 9373 , 3702 , 5671
1310 , 9373 , 3702 , 5671
1311 , 9373 , 3702 , 5671
1312 , 9373 , 3702 , 5671
1313 , 9373 , 3702 , 5671
1314 , 9373 , 3702 , 5671
1315 , 9373 , 3702 , 5671
1316 , 9373 , 3702 , 5671
1317 , 9373 , 3702 , 5671
1318 , 9373 , 3702 , 5671
1319 , 9373 , 3702 , 5671
1320 , 9373 , 3702 , 5671
1321 , 9373 , 3702 , 5671
1322 , 9373 , 3702 , 5671
1323 , 9373 , 3702 , 5671
1324 , 9373 , 3702 , 5671
1325 , 9373 , 3702 , 5671
1326 , 9373 , 3702 , 5671
1327 , 9373 , 3702 , 5671
1328 , 9373 , 3702 , 5671
1329 , 9373 , 3702 , 5671
1330 , 9373 , 3702 , 5671
1331 , 9373 , 3702 , 5671
1332 , 9373 , 3702 , 5671
1333 , 9373 , 3702 , 5671
1334 , 9373 , 3702 , 5671
1335 , 9373 , 3702 , 5671
1336 , 9373 , 3702 , 5671
1337 , 9373 , 3702 , 5671
1338 , 9373 , 3702 , 5671
1339 , 9373 , 3702 , 5671
1340 , 9373 , 3702 , 5671
1341 , 9373 , 3702 , 5671
1342 , 9373 , 3702 , 5671
1343 , 9373 , 3702 , 5671
1344 , 9373 , 3702 , 5671
1345 , 9373 , 3702 , 5671
1346 , 9373 , 3702 , 5671
1347 , 9373 , 3702 , 5671
1348 , 9373 , 3702 , 5671
1349 , 9373 , 3702 , 5671
1350 , 9373 , 3702 , 5671
1351 , 9373 , 3702 , 5671
1352 , 9373 , 3702 , 5671
1353 , 9373 , 3702 , 5671
1354 , 9373 , 3702 , 5671
1355 , 9373 , 3702 , 5671
1356 , 9373 , 3702 , 5671
1357 , 9373 , 3702 , 5671
1358 , 9373 , 3702 , 5671
1359 , 9373 , 3702 , 5671
1360 , 9373 , 3702 , 5671
1361 , 9373 , 3702 , 5671
1362 , 9373 , 3702 , 5671
1363 , 9373 , 3702 , 5671
1364 , 9373 , 3702 , 5671
1365 , 9373 , 3702 , 5671
1366 , 9373 , 3702 , 5671
1367 , 9373 , 3702 , 5671
1368 , 9373 , 3702 , 5671
1369 , 9373 , 3702 , 5671
1370 , 9373 , 3702 , 5671
1371 , 9373 , 3702 , 5671
1372 , 9373 , 3702 , 5671
1373 , 9373 , 3702 , 5671
1374 , 9373 , 3702 , 5671
1375 , 9373 , 3702 , 5671
1376 , 9373 , 3702 , 5671
1377 , 9373 , 3702 , 5671
1378 , 9373 , 3702 , 5671
1379 , 9373 , 3702 , 5671
1380 , 9373 , 3702 , 5671
1381 , 9373 , 3702 , 5671
1382 , 9373 , 3702 , 5671
1383 , 9373 , 3702 , 5671
1384 , 9373 , 3702 , 5671
1385 , 9373 , 3702 , 5671
1386 , 9373 , 3702 , 5671
1387 , 9373 , 3702 , 5671
1388 , 9373 , 3702 , 5671
1389 , 9373 , 3702 , 5671
1390 , 9373 , 3702 , 5671
1391 , 9373 , 3702 , 5671
1392 , 9373 , 3702 , 5671
1393 , 9373 , 3702 , 5671
1394 , 9373 , 3702 , 5671
1395 , 9373 , 3702 , 5671
1396 , 9373 , 3702 , 5671
1397 , 9373 , 3702 , 5671
1398 , 9373 , 3702 , 5671
1399 , 9373 , 3702 , 5671
1400 , 9373 , 3702 , 5671
1401 , 9373 , 3702 , 5671
1402 , 9373 , 3702 , 5671
1403 , 9373 , 3702 , 5671
1404 , 9373 , 3702 , 5671
1405 , 9373 , 3702 , 5671
1406 , 9373 , 3702 , 5671
1407 , 9373 , 3702 , 5671
1408 , 9373 , 3702 , 5671
1409 , 9373 , 3702 , 5671
1410 , 9373 , 3702 , 5671
1411 , 9373 , 3702 , 5671
1412 , 9373 , 3702 , 5671
1413 , 9373 , 3702 , 5671
1414 , 9373 , 3702 , 5671
1415 , 9373 , 3702 , 5671
1416 , 9373 , 3702 , 5671
1417 , 9373 , 3702 , 5671
1418 , 9373 , 3702 , 5671
1419 , 9373 , 3702 , 5671
1420 , 9373 , 3702 , 5671
1421 , 9373 , 3702 , 5671
1422 , 9373 , 3702 , 5671
1423 , 9373 , 3702 , 5671
1424 , 9373 , 3702 , 5671
1425 , 9373 , 3702 , 5671
1426 , 9373 , 3702 , 5671
1427 , 9373 , 3702 , 5671
1428 , 9373 , 3702 , 5671
1429 , 9373 , 3702 , 5671
1430 , 9373 , 3702 , 5671
1431 , 9373 , 3702 , 5671
1432 , 9373 , 3702 , 5671
1433 , 9373 , 3702 , 5671
1434 , 9373 , 3702 , 5671
1435 , 9373 , 3702 , 5671
1436 , 9373 , 3702 , 5671
1437 , 9373 , 3702 , 5671
1438 , 9373 , 3702 , 5671
1439 , 9373 , 3702 , 5671
1440 , 9373 , 3702 , 5671
1441 , 9373 , 3702 , 5671
1442 , 9373 , 3702 , 5671
1443 , 9373 , 3702 , 5671
1444 , 9373 , 3702 , 5671
1445 , 9373 , 3702 , 5671
1446 , 9373 , 3702 , 5671
1447 , 9373 , 3702 , 5671
1448 , 9373 , 3702 , 5671
1449 , 9373 , 3702 , 5671
1450 , 9373 , 3702 , 5671
1451 , 9373 , 3702 , 5671
1452 , 9373 , 3702 , 5671
1453 , 9373 , 3702 , 5671
1454 , 9373 , 3702 , 5671
1455 , 9373 , 3702 , 5671
1456 , 9373 , 3702 , 5671
1457 , 9373 , 3702 , 5671
1458 , 9373 , 3702 , 5671
1459 , 9373 , 3702 , 5671
1460 , 9373 , 3702 , 5671
1461 , 9373 , 3702 , 5671
1462 , 9373 , 3702 , 5671
1463 , 9373 , 3702 , 5671
1464 , 9373 , 3702 , 5671
1465 , 9373 , 3702 , 5671
1466 , 9373 , 3702 , 5671
1467 , 9373 , 3702 , 5671
1468 , 9373 , 3702 , 5671
1469 , 9373 , 3702 , 5671
1470 , 9373 , 3702 , 5671
1471 , 9373 , 3702 , 5671
1472 , 9373 , 3702 , 5671
1473 , 9373 , 3702 , 5671
1474 , 9373 , 3702 , 5671
1475 , 9373 , 3702 , 5671
1476 , 9373 , 3702 , 5671
1477 , 9373 , 3702 , 5671
1478 , 9373 , 3702 , 5671
1479 , 9373 , 3702 , 5671
1480 , 9373 , 3702 , 5671
1481 , 9373 , 3702 , 5671
1482 , 9373 , 3702 , 5671
1483 , 9373 , 3702 , 5671
1484 , 9373 , 3702 , 5671
1485 , 9373 , 3702 , 5671
1486 , 9373 , 3702 , 5671
1487 , 9373 , 3702 , 5671
1488 , 9373 , 3702 , 5671
1489 , 9373 , 3702 , 5671
1490 , 9373 , 3702 , 5671
1491 , 9373 , 3702 , 5671
1492 , 9373 , 3702 , 5671
1493 , 9373 , 3702 , 5671
1494 , 9373 , 3702 , 5671
1495 , 9373 , 3702 , 5671
1496 , 9373 , 3702 , 5671
1497 , 9373 , 3702 , 5671
1498 , 9373 , 3702 , 5671
1499 , 9373 , 3702 , 5671
1500 , 9373 , 3702 , 5671
1501 , 9373 , 3702 , 5671
1502 , 9373 , 3702 , 5671
1503 , 9373 , 3702 , 5671
1504 , 9373 , 3702 , 5671
1505 , 9373 , 3702 , 5671
1506 , 9373 , 3702 , 5671
1507 , 9373 , 3702 , 5671
1508 , 9373 , 3702 , 5671
1509 , 9373 , 3702 , 5671
1510 , 9373 , 3702 , 5671
1511 , 9373 , 3702 , 5671
1512 , 9373 , 3702 , 5671
1513 , 9373 , 3702 , 5671
1514 , 9373 , 3702 , 5671
1515 , 9373 , 3702 , 5671
1516 , 9373 , 3702 , 5671
1517 , 9373 , 3702 , 5671
1518 , 9373 , 3702 , 5671
1519 , 9373 , 3702 , 5671
1520 , 9373 , 3702 , 5671
1521 , 9373 , 3702 , 5671
1522 , 9373 , 3702 , 5671
1523 , 9373 , 3702 , 5671
1524 , 9373 , 3702 , 5671
1525 , 9373 , 3702 , 5671
1526 , 9373 , 3702 , 5671
1527 , 9373 , 3702 , 5671
1528 , 9373 , 3702 , 5671
1529 , 9373 , 3702 , 5671
1530 , 9373 , 3702 , 5671
1531 , 9373 , 3702 , 5671
1532 , 9373 , 3702 , 5671
1533 , 9373 , 3702 , 5671
1534 , 9373 , 3702 , 5671
1535 , 9373 , 3702 , 5671
1536 , 9373 , 3702 , 5671
1537 , 9373 , 3702 , 5671
1538 , 9373 , 3702 , 5671
1539 , 9373 , 3702 , 5671
1540 , 9373 , 3702 , 5671
1541 , 9373 , 3702 , 5671
1542 , 9373 , 3702 , 5671
1543 , 9373 , 3702 , 5671
1544 , 9373 , 3702 , 5671
1545 , 9373 , 3702 , 5671
1546 , 9373 , 3702 , 5671
1547 , 9373 , 3702 , 5671
1548 , 9373 , 3702 , 5671
1549 , 9373 , 3702 , 5671
1550 , 9373 , 3702 , 5671
1551 , 9373 , 3702 , 5671
1552 , 9373 , 3702 , 5671
1553 , 9373 , 3702 , 5671
1554 , 9373 , 3702 , 5671
1555 , 9373 , 3702 , 5671
1556 , 9373 , 3702 , 5671
1557 , 9373 , 3702 , 5671
1558 , 9373 , 3702 , 5671
1559 , 9373 , 3702 , 5671
1560 , 9373 , 3702 , 5671
1561 , 9373 , 3702 , 5671
1562 , 9373 , 3702 , 5671
1563 , 9373 , 3702 , 5671
1564 , 9373 , 3702 , 5671
1565 , 9373 , 3702 , 5671
1566 , 9373 , 3702 , 5671
1567 , 9373 , 3702 , 5671
1568 , 9373 , 3702 , 5671
1569 , 9373 , 3702 , 5671
1570 , 9373 , 3702 , 5671
1571 , 9373 , 3702 , 5671
1572 , 9373 , 3702 , 5671
1573 , 9373 , 3702 , 5671
1574 , 9373 , 3702 , 5671
1575 , 9373 , 3702 , 5671
1576 , 9373 , 3702 , 5671
1577 , 9373 , 3702 , 5671
1578 , 9373 , 3702 , 5671
1579 , 9373 , 3702 , 5671
1580 , 9373 , 3702 , 5671
1581 , 9373 , 3702 , 5671
1582 , 9373 , 3702 , 5671
1583 , 9373 , 3702 , 5671
1584 , 9373 , 3702 , 5671
1585 , 9373 , 3702 , 5671
1586 , 9373 , 3702 , 5671
1587 , 9373 , 3702 , 5671
1588 , 9373 , 3702 , 5671
1589 , 9373 , 3702 , 5671
1590 , 9373 , 3702 , 5671
1591 , 9373 , 3702 , 5671
1592 , 9373 , 3702 , 5671
1593 , 9373 , 3702 , 5671
1594 , 9373 , 3702 , 5671
1595 , 9373 , 3702 , 5671
1596 , 9373 , 3702 , 5671
1597 , 9373 , 3702 , 5671
1598 , 9373 , 3702 , 5671
1599 , 9373 , 3702 , 5671
1600 , 9373 , 3702 , 5671
1601 , 9373 , 3702 , 5671
1602 , 9373 , 3702 , 5671
1603 , 9373 , 3702 , 5671
1604 , 9373 , 3702 , 5671
1605 , 9373 , 3702 , 5671
1606 , 9373 , 3702 , 5671
1607 , 9373 , 3702 , 5671
1608 , 9373 , 3702 , 5671
1609 , 9373 , 3702 , 5671
1610 , 9373 , 3702 , 5671
1611 , 9373 , 3702 , 5671
1612 , 9373 , 3702 , 5671
1613 , 9373 , 3702 , 5671
1614 , 9373 , 3702 , 5671
1615 , 9373 , 3702 , 5671
1616 , 9373 , 3702 , 5671
1617 , 9373 , 3702 , 5671
1618 , 9373 , 315 , 9058
1619 , 9373 , 3702 , 5671
1620 , 9373 , 3702 , 5671
1621 , 9373 , 3702 , 5671
1622 , 9373 , 315 , 9058
1623 , 9373 , 315 , 9058
1624 , 9373 , 315 , 9058
1625 , 9373 , 315 , 9058
1626 , 9373 , 315 , 9058
1627 , 9373 , 3702 , 5671
1628 , 9373 , 3702 , 5671
1629 , 9373 , 3702 , 5671
1630 , 9373 , 315 , 9058
1631 , 9373 , 315 , 9058
1632 , 9373 , 3702 , 5671
1633 , 9373 , 3702 , 5671
1634 , 9373 , 3702 , 5671
1635 , 9373 , 315 , 9058
1636 , 9373 , 3702 , 5671
1637 , 9373 , 315 , 9058
1638 , 9373 , 315 , 9058
1639 , 9373 , 315 , 9058
1640 , 9373 , 315 , 9058
1641 , 9373 , 315 , 9058
1642 , 9373 , 315 , 9058
1643 , 9373 , 315 , 9058
1644 , 9373 , 315 , 9058
1645 , 9373 , 315 , 9058
1646 , 9373 , 315 , 9058
1647 , 9373 , 315 , 9058
1648 , 9373 , 315 , 9058
1649 , 9373 , 315 , 9058
1650 , 9373 , 3705 , 5668
1651 , 9373 , 3705 , 5668
1652 , 9373 , 3705 , 5668
1653 , 9373 , 3705 , 5668
1654 , 9373 , 3705 , 5668
1655 , 9373 , 3705 , 5668
1656 , 9373 , 3705 , 5668
1657 , 9373 , 3705 , 5668
1658 , 9373 , 3705 , 5668
1659 , 9373 , 3705 , 5668
1660 , 9373 , 3705 , 5668
1661 , 9373 , 3705 , 5668
1662 , 9373 , 3705 , 5668
1663 , 9373 , 3705 , 5668
1664 , 9373 , 3705 , 5668
1665 , 9373 , 3705 , 5668
1666 , 9373 , 3705 , 5668
1667 , 9373 , 3705 , 5668
1668 , 9373 , 3705 , 5668
1669 , 9373 , 3705 , 5668
1670 , 9373 , 3705 , 5668
1671 , 9373 , 3705 , 5668
1672 , 9373 , 3705 , 5668
1673 , 9373 , 3705 , 5668
1674 , 9373 , 3705 , 5668
1675 , 9373 , 3705 , 5668
1676 , 9373 , 3705 , 5668
1677 , 9373 , 3705 , 5668
1678 , 9373 , 3705 , 5668
1679 , 9373 , 317 , 9056
1680 , 9373 , 3705 , 5668
1681 , 9373 , 317 , 9056
1682 , 9373 , 317 , 9056
1683 , 9373 , 3705 , 5668
1684 , 9373 , 3705 , 5668
1685 , 9373 , 3705 , 5668
1686 , 9373 , 3705 , 5668
1687 , 9373 , 3705 , 5668
1688 , 9373 , 3705 , 5668
1689 , 9373 , 3705 , 5668
1690 , 9373 , 3705 , 5668
1691 , 9373 , 3705 , 5668
1692 , 9373 , 3705 , 5668
1693 , 9373 , 3705 , 5668
1694 , 9373 , 3705 , 5668
1695 , 9373 , 3705 , 5668
1696 , 9373 , 3705 , 5668
1697 , 9373 , 3705 , 5668
1698 , 9373 , 3705 , 5668
1699 , 9373 , 3705 , 5668
1700 , 9373 , 3705 , 5668
1701 , 9373 , 3705 , 5668
1702 , 9373 , 3705 , 5668
1703 , 9373 , 3705 , 5668
1704 , 9373 , 3705 , 5668
1705 , 9373 , 3705 , 5668
1706 , 9373 , 3705 , 5668
1707 , 9373 , 317 , 9056
1708 , 9373 , 317 , 9056
1709 , 9373 , 317 , 9056
1710 , 9373 , 317 , 9056
1711 , 9373 , 317 , 9056
1712 , 9373 , 3705 , 5668
1713 , 9373 , 317 , 9056
1714 , 9373 , 317 , 9056
1715 , 9373 , 317 , 9056
1716 , 9373 , 317 , 9056
1717 , 9373 , 317 , 9056
1718 , 9373 , 317 , 9056
1719 , 9373 , 317 , 9056
1720 , 9373 , 317 , 9056
1721 , 9373 , 317 , 9056
1722 , 9373 , 317 , 9056
1723 , 9373 , 317 , 9056
1724 , 9373 , 317 , 9056
1725 , 9373 , 317 , 9056
1726 , 9373 , 317 , 9056
1727 , 9373 , 317 , 9056
1728 , 9373 , 317 , 9056
1729 , 9373 , 317 , 9056
1730 , 9373 , 317 , 9056
1731 , 9373 , 317 , 9056
1732 , 9373 , 317 , 9056
1733 , 9373 , 317 , 9056
1734 , 9373 , 317 , 9056
1735 , 9373 , 317 , 9056
1736 , 9373 , 317 , 9056
1737 , 9373 , 317 , 9056
1738 , 9373 , 317 , 9056
1739 , 9373 , 317 , 9056
1740 , 9373 , 317 , 9056
1741 , 9373 , 317 , 9056
1742 , 9373 , 317 , 9056
1743 , 9373 , 317 , 9056
1744 , 9373 , 317 , 9056
1745 , 9373 , 317 , 9056
1746 , 9373 , 317 , 9056
1747 , 9373 , 317 , 9056
1748 , 9373 , 317 , 9056
1749 , 9373 , 317 , 9056
1750 , 9373 , 317 , 9056
1751 , 9373 , 317 , 9056
1752 , 9373 , 317 , 9056
1753 , 9373 , 317 , 9056
1754 , 9373 , 317 , 9056
1755 , 9373 , 317 , 9056
1756 , 9373 , 317 , 9056
1757 , 9373 , 317 , 9056
1758 , 9373 , 317 , 9056
1759 , 9373 , 317 , 9056
1760 , 9373 , 317 , 9056
1761 , 9373 , 317 , 9056
1762 , 9373 , 317 , 9056
1763 , 9373 , 317 , 9056
1764 , 9373 , 317 , 9056
1765 , 9373 , 317 , 9056
1766 , 9373 , 317 , 9056
1767 , 9373 , 317 , 9056
1768 , 9373 , 317 , 9056
1769 , 9373 , 317 , 9056
1770 , 9373 , 317 , 9056
1771 , 9373 , 317 , 9056
1772 , 9373 , 317 , 9056
1773 , 9373 , 317 , 9056
1774 , 9373 , 317 , 9056
1775 , 9373 , 317 , 9056
1776 , 9373 , 317 , 9056
1777 , 9373 , 317 , 9056
1778 , 9373 , 317 , 9056
1779 , 9373 , 317 , 9056
1780 , 9373 , 317 , 9056
1781 , 9373 , 317 , 9056
1782 , 9373 , 317 , 9056
1783 , 9373 , 317 , 9056
1784 , 9373 , 317 , 9056
1785 , 9373 , 317 , 9056
1786 , 9373 , 317 , 9056
1787 , 9373 , 317 , 9056
1788 , 9373 , 317 , 9056
1789 , 9373 , 317 , 9056
1790 , 9373 , 317 , 9056
1791 , 9373 , 317 , 9056
1792 , 9373 , 317 , 9056
1793 , 9373 , 317 , 9056
1794 , 9373 , 317 , 9056
1795 , 9373 , 317 , 9056
1796 , 9373 , 317 , 9056
1797 , 9373 , 317 , 9056
1798 , 9373 , 317 , 9056
1799 , 9373 , 317 , 9056
1800 , 9373 , 317 , 9056
1801 , 9373 , 317 , 9056
1802 , 9373 , 317 , 9056
1803 , 9373 , 317 , 9056
1804 , 9373 , 317 , 9056
1805 , 9373 , 317 , 9056
1806 , 9373 , 317 , 9056
1807 , 9373 , 317 , 9056
1808 , 9373 , 317 , 9056
1809 , 9373 , 317 , 9056
1810 , 9373 , 317 , 9056
1811 , 9373 , 317 , 9056
1812 , 9373 , 317 , 9056
1813 , 9373 , 318 , 9055
1814 , 9373 , 317 , 9056
1815 , 9373 , 317 , 9056
1816 , 9373 , 317 , 9056
1817 , 9373 , 317 , 9056
1818 , 9373 , 317 , 9056
1819 , 9373 , 317 , 9056
1820 , 9373 , 317 , 9056
1821 , 9373 , 317 , 9056
1822 , 9373 , 317 , 9056
1823 , 9373 , 317 , 9056
1824 , 9373 , 317 , 9056
1825 , 9373 , 317 , 9056
1826 , 9373 , 317 , 9056
1827 , 9373 , 317 , 9056
1828 , 9373 , 317 , 9056
1829 , 9373 , 317 , 9056
1830 , 9373 , 317 , 9056
1831 , 9373 , 317 , 9056
1832 , 9373 , 317 , 9056
1833 , 9373 , 317 , 9056
1834 , 9373 , 317 , 9056
1835 , 9373 , 317 , 9056
1836 , 9373 , 317 , 9056
1837 , 9373 , 317 , 9056
1838 , 9373 , 317 , 9056
1839 , 9373 , 317 , 9056
1840 , 9373 , 317 , 9056
1841 , 9373 , 317 , 9056
1842 , 9373 , 317 , 9056
1843 , 9373 , 317 , 9056
1844 , 9373 , 317 , 9056
1845 , 9373 , 317 , 9056
1846 , 9373 , 317 , 9056
1847 , 9373 , 317 , 9056
1848 , 9373 , 317 , 9056
1849 , 9373 , 317 , 9056
1850 , 9373 , 317 , 9056
1851 , 9373 , 317 , 9056
1852 , 9373 , 317 , 9056
1853 , 9373 , 317 , 9056
1854 , 9373 , 317 , 9056
1855 , 9373 , 317 , 9056
1856 , 9373 , 317 , 9056
1857 , 9373 , 317 , 9056
1858 , 9373 , 317 , 9056
1859 , 9373 , 317 , 9056
1860 , 9373 , 317 , 9056
1861 , 9373 , 317 , 9056
1862 , 9373 , 317 , 9056
1863 , 9373 , 317 , 9056
1864 , 9373 , 317 , 9056
1865 , 9373 , 317 , 9056
1866 , 9373 , 317 , 9056
1867 , 9373 , 317 , 9056
1868 , 9373 , 317 , 9056
1869 , 9373 , 317 , 9056
1870 , 9373 , 317 , 9056
1871 , 9373 , 317 , 9056
1872 , 9373 , 317 , 9056
1873 , 9373 , 317 , 9056
1874 , 9373 , 317 , 9056
1875 , 9373 , 317 , 9056
1876 , 9373 , 317 , 9056
1877 , 9373 , 317 , 9056
1878 , 9373 , 317 , 9056
1879 , 9373 , 317 , 9056
1880 , 9373 , 317 , 9056
1881 , 9373 , 317 , 9056
1882 , 9373 , 317 , 9056
1883 , 9373 , 317 , 9056
1884 , 9373 , 317 , 9056
1885 , 9373 , 317 , 9056
1886 , 9373 , 317 , 9056
1887 , 9373 , 317 , 9056
1888 , 9373 , 317 , 9056
1889 , 9373 , 317 , 9056
1890 , 9373 , 317 , 9056
1891 , 9373 , 317 , 9056
1892 , 9373 , 317 , 9056
1893 , 9373 , 317 , 9056
1894 , 9373 , 317 , 9056
1895 , 9373 , 317 , 9056
1896 , 9373 , 317 , 9056
1897 , 9373 , 317 , 9056
1898 , 9373 , 317 , 9056
1899 , 9373 , 317 , 9056
1900 , 9373 , 317 , 9056
1901 , 9373 , 317 , 9056
1902 , 9373 , 317 , 9056
1903 , 9373 , 317 , 9056
1904 , 9373 , 317 , 9056
1905 , 9373 , 317 , 9056
1906 , 9373 , 317 , 9056
1907 , 9373 , 317 , 9056
1908 , 9373 , 317 , 9056
1909 , 9373 , 317 , 9056
1910 , 9373 , 317 , 9056
1911 , 9373 , 317 , 9056
1912 , 9373 , 317 , 9056
1913 , 9373 , 317 , 9056
1914 , 9373 , 317 , 9056
1915 , 9373 , 317 , 9056
1916 , 9373 , 317 , 9056
1917 , 9373 , 317 , 9056
1918 , 9373 , 317 , 9056
1919 , 9373 , 317 , 9056
1920 , 9373 , 317 , 9056
1921 , 9373 , 317 , 9056
1922 , 9373 , 317 , 9056
1923 , 9373 , 317 , 9056
1924 , 9373 , 317 , 9056
1925 , 9373 , 317 , 9056
1926 , 9373 , 317 , 9056
1927 , 9373 , 317 , 9056
1928 , 9373 , 317 , 9056
1929 , 9373 , 317 , 9056
1930 , 9373 , 317 , 9056
1931 , 9373 , 317 , 9056
1932 , 9373 , 317 , 9056
1933 , 9373 , 317 , 9056
1934 , 9373 , 317 , 9056
1935 , 9373 , 317 , 9056
1936 , 9373 , 317 , 9056
1937 , 9373 , 317 , 9056
1938 , 9373 , 317 , 9056
1939 , 9373 , 317 , 9056
1940 , 9373 , 317 , 9056
1941 , 9373 , 317 , 9056
1942 , 9373 , 317 , 9056
1943 , 9373 , 317 , 9056
1944 , 9373 , 317 , 9056
1945 , 9373 , 317 , 9056
1946 , 9373 , 317 , 9056
1947 , 9373 , 317 , 9056
1948 , 9373 , 317 , 9056
1949 , 9373 , 317 , 9056
1950 , 9373 , 317 , 9056
1951 , 9373 , 317 , 9056
1952 , 9373 , 317 , 9056
1953 , 9373 , 317 , 9056
1954 , 9373 , 317 , 9056
1955 , 9373 , 317 , 9056
1956 , 9373 , 317 , 9056
1957 , 9373 , 317 , 9056
1958 , 9373 , 317 , 9056
1959 , 9373 , 317 , 9056
1960 , 9373 , 317 , 9056
1961 , 9373 , 317 , 9056
1962 , 9373 , 316 , 9057
1963 , 9373 , 317 , 9056
1964 , 9373 , 317 , 9056
1965 , 9373 , 317 , 9056
1966 , 9373 , 317 , 9056
1967 , 9373 , 317 , 9056
1968 , 9373 , 317 , 9056
1969 , 9373 , 317 , 9056
1970 , 9373 , 317 , 9056
1971 , 9373 , 316 , 9057
1972 , 9373 , 316 , 9057
1973 , 9373 , 316 , 9057
1974 , 9373 , 316 , 9057
1975 , 9373 , 316 , 9057
1976 , 9373 , 316 , 9057
1977 , 9373 , 316 , 9057
1978 , 9373 , 316 , 9057
1979 , 9373 , 316 , 9057
1980 , 9373 , 316 , 9057
1981 , 9373 , 316 , 9057
1982 , 9373 , 316 , 9057
1983 , 9373 , 316 , 9057
1984 , 9373 , 317 , 9056
1985 , 9373 , 317 , 9056
1986 , 9373 , 317 , 9056
1987 , 9373 , 317 , 9056
1988 , 9373 , 317 , 9056
1989 , 9373 , 317 , 9056
1990 , 9373 , 317 , 9056
1991 , 9373 , 317 , 9056
1992 , 9373 , 317 , 9056
1993 , 9373 , 317 , 9056
1994 , 9373 , 317 , 9056
1995 , 9373 , 317 , 9056
1996 , 9373 , 317 , 9056
1997 , 9373 , 317 , 9056
1998 , 9373 , 317 , 9056
1999 , 9373 , 317 , 9056
2000 , 9373 , 317 , 9056
2001 , 9373 , 317 , 9056
2002 , 9373 , 317 , 9056
2003 , 9373 , 317 , 9056
2004 , 9373 , 317 , 9056
2005 , 9373 , 317 , 9056
2006 , 9373 , 317 , 9056
2007 , 9373 , 317 , 9056
2008 , 9373 , 317 , 9056
2009 , 9373 , 317 , 9056
2010 , 9373 , 317 , 9056
2011 , 9373 , 317 , 9056
2012 , 9373 , 317 , 9056
2013 , 9373 , 317 , 9056
2014 , 9373 , 317 , 9056
2015 , 9373 , 317 , 9056
2016 , 9373 , 317 , 9056
2017 , 9373 , 317 , 9056
2018 , 9373 , 317 , 9056
2019 , 9373 , 317 , 9056
2020 , 9373 , 317 , 9056
2021 , 9373 , 317 , 9056
2022 , 9373 , 317 , 9056
2023 , 9373 , 317 , 9056
2024 , 9373 , 317 , 9056
2025 , 9373 , 317 , 9056
2026 , 9373 , 317 , 9056
2027 , 9373 , 317 , 9056
2028 , 9373 , 317 , 9056
2029 , 9373 , 317 , 9056
2030 , 9373 , 317 , 9056
2031 , 9373 , 317 , 9056
2032 , 9373 , 317 , 9056
2033 , 9373 , 317 , 9056
2034 , 9373 , 317 , 9056
2035 , 9373 , 317 , 9056
2036 , 9373 , 317 , 9056
2037 , 9373 , 317 , 9056
2038 , 9373 , 317 , 9056
2039 , 9373 , 317 , 9056
2040 , 9373 , 317 , 9056
2041 , 9373 , 317 , 9056
2042 , 9373 , 317 , 9056
2043 , 9373 , 317 , 9056
2044 , 9373 , 317 , 9056
2045 , 9373 , 317 , 9056
2046 , 9373 , 317 , 9056
2047 , 9373 , 317 , 9056
2048 , 9373 , 317 , 9056
2049 , 9373 , 317 , 9056
2050 , 9373 , 317 , 9056
2051 , 9373 , 317 , 9056
2052 , 9373 , 317 , 9056
2053 , 9373 , 317 , 9056
2054 , 9373 , 317 , 9056
2055 , 9373 , 317 , 9056
2056 , 9373 , 317 , 9056
2057 , 9373 , 317 , 9056
2058 , 9373 , 317 , 9056
2059 , 9373 , 317 , 9056
2060 , 9373 , 317 , 9056
2061 , 9373 , 317 , 9056
2062 , 9373 , 317 , 9056
2063 , 9373 , 317 , 9056
2064 , 9373 , 317 , 9056
2065 , 9373 , 317 , 9056
2066 , 9373 , 317 , 9056
2067 , 9373 , 317 , 9056
2068 , 9373 , 317 , 9056
2069 , 9373 , 317 , 9056
2070 , 9373 , 317 , 9056
2071 , 9373 , 317 , 9056
2072 , 9373 , 317 , 9056
2073 , 9373 , 317 , 9056
2074 , 9373 , 317 , 9056
2075 , 9373 , 317 , 9056
2076 , 9373 , 317 , 9056
2077 , 9373 , 317 , 9056
2078 , 9373 , 317 , 9056
2079 , 9373 , 317 , 9056
2080 , 9373 , 317 , 9056
2081 , 9373 , 317 , 9056
2082 , 9373 , 317 , 9056
2083 , 9373 , 317 , 9056
2084 , 9373 , 317 , 9056
2085 , 9373 , 317 , 9056
2086 , 9373 , 1913 , 7460
2087 , 9373 , 1913 , 7460
2088 , 9373 , 317 , 9056
2089 , 9373 , 317 , 9056
2090 , 9373 , 316 , 9057
2091 , 9373 , 316 , 9057
2092 , 9373 , 1912 , 7461
2093 , 9373 , 316 , 9057
2094 , 9373 , 316 , 9057
2095 , 9373 , 1912 , 7461
2096 , 9373 , 316 , 9057
2097 , 9373 , 1912 , 7461
2098 , 9373 , 1912 , 7461
2099 , 9373 , 1912 , 7461
2100 , 9373 , 1912 , 7461
2101 , 9373 , 1912 , 7461
2102 , 9373 , 1912 , 7461
2103 , 9373 , 1912 , 7461
2104 , 9373 , 1912 , 7461
2105 , 9373 , 1912 , 7461
2106 , 9373 , 1912 , 7461
2107 , 9373 , 1912 , 7461
2108 , 9373 , 1912 , 7461
2109 , 9373 , 1912 , 7461
2110 , 9373 , 1912 , 7461
2111 , 9373 , 1912 , 7461
2112 , 9373 , 1912 , 7461
2113 , 9373 , 1912 , 7461
2114 , 9373 , 1912 , 7461
2115 , 9373 , 1912 , 7461
2116 , 9373 , 316 , 9057
2117 , 9373 , 1912 , 7461
2118 , 9373 , 1912 , 7461
2119 , 9373 , 1912 , 7461
2120 , 9373 , 1912 , 7461
2121 , 9373 , 1912 , 7461
2122 , 9373 , 1912 , 7461
2123 , 9373 , 1912 , 7461
2124 , 9373 , 1912 , 7461
2125 , 9373 , 1912 , 7461
2126 , 9373 , 1912 , 7461
2127 , 9373 , 1912 , 7461
2128 , 9373 , 1912 , 7461
2129 , 9373 , 1912 , 7461
2130 , 9373 , 1912 , 7461
2131 , 9373 , 1912 , 7461
2132 , 9373 , 1912 , 7461
2133 , 9373 , 1912 , 7461
2134 , 9373 , 1912 , 7461
2135 , 9373 , 1912 , 7461
2136 , 9373 , 1912 , 7461
2137 , 9373 , 1912 , 7461
2138 , 9373 , 1912 , 7461
2139 , 9373 , 1912 , 7461
2140 , 9373 , 1912 , 7461
2141 , 9373 , 1912 , 7461
2142 , 9373 , 1912 , 7461
2143 , 9373 , 1912 , 7461
2144 , 9373 , 1912 , 7461
2145 , 9373 , 1912 , 7461
2146 , 9373 , 1913 , 7460
2147 , 9373 , 1913 , 7460
2148 , 9373 , 1913 , 7460
2149 , 9373 , 1913 , 7460
2150 , 9373 , 1913 , 7460
2151 , 9373 , 1912 , 7461
2152 , 9373 , 1912 , 7461
2153 , 9373 , 1912 , 7461
2154 , 9373 , 1912 , 7461
2155 , 9373 , 1912 , 7461
2156 , 9373 , 1912 , 7461
2157 , 9373 , 1912 , 7461
2158 , 9373 , 1912 , 7461
2159 , 9373 , 1912 , 7461
2160 , 9373 , 1912 , 7461
2161 , 9373 , 1912 , 7461
2162 , 9373 , 1912 , 7461
2163 , 9373 , 1912 , 7461
2164 , 9373 , 1912 , 7461
2165 , 9373 , 1912 , 7461
2166 , 9373 , 1912 , 7461
2167 , 9373 , 1912 , 7461
2168 , 9373 , 1912 , 7461
2169 , 9373 , 1912 , 7461
2170 , 9373 , 1912 , 7461
2171 , 9373 , 1912 , 7461
2172 , 9373 , 1912 , 7461
2173 , 9373 , 1913 , 7460
2174 , 9373 , 1913 , 7460
2175 , 9373 , 1913 , 7460
2176 , 9373 , 1913 , 7460
2177 , 9373 , 1913 , 7460
2178 , 9373 , 1912 , 7461
2179 , 9373 , 1913 , 7460
2180 , 9373 , 1913 , 7460
2181 , 9373 , 1913 , 7460
2182 , 9373 , 1913 , 7460
2183 , 9373 , 1913 , 7460
2184 , 9373 , 1913 , 7460
2185 , 9373 , 1912 , 7461
2186 , 9373 , 1913 , 7460
2187 , 9373 , 1913 , 7460
2188 , 9373 , 1913 , 7460
2189 , 9373 , 1913 , 7460
2190 , 9373 , 1913 , 7460
2191 , 9373 , 1913 , 7460
2192 , 9373 , 1913 , 7460
2193 , 9373 , 1913 , 7460
2194 , 9373 , 1912 , 7461
2195 , 9373 , 1913 , 7460
2196 , 9373 , 1913 , 7460
2197 , 9373 , 1912 , 7461
2198 , 9373 , 1912 , 7461
2199 , 9373 , 1912 , 7461
2200 , 9373 , 1912 , 7461
2201 , 9373 , 1912 , 7461
2202 , 9373 , 1912 , 7461
2203 , 9373 , 1912 , 7461
2204 , 9373 , 1912 , 7461
2205 , 9373 , 1912 , 7461
2206 , 9373 , 1912 , 7461
2207 , 9373 , 1912 , 7461
2208 , 9373 , 1912 , 7461
2209 , 9373 , 1912 , 7461
2210 , 9373 , 1912 , 7461
2211 , 9373 , 1912 , 7461
2212 , 9373 , 1912 , 7461
2213 , 9373 , 1912 , 7461
2214 , 9373 , 1912 , 7461
2215 , 9373 , 1912 , 7461
2216 , 9373 , 1912 , 7461
2217 , 9373 , 1912 , 7461
2218 , 9373 , 1912 , 7461
2219 , 9373 , 1912 , 7461
2220 , 9373 , 1912 , 7461
2221 , 9373 , 1912 , 7461
2222 , 9373 , 1912 , 7461
2223 , 9373 , 1912 , 7461
2224 , 9373 , 1912 , 7461
2225 , 9373 , 1912 , 7461
2226 , 9373 , 1912 , 7461
2227 , 9373 , 1912 , 7461
2228 , 9373 , 1912 , 7461
2229 , 9373 , 1912 , 7461
2230 , 9373 , 1912 , 7461
2231 , 9373 , 1912 , 7461
2232 , 9373 , 1912 , 7461
2233 , 9373 , 1912 , 7461
2234 , 9373 , 1912 , 7461
2235 , 9373 , 1912 , 7461
2236 , 9373 , 1912 , 7461
2237 , 9373 , 1912 , 7461
2238 , 9373 , 1912 , 7461
2239 , 9373 , 1912 , 7461
2240 , 9373 , 1912 , 7461
2241 , 9373 , 1912 , 7461
2242 , 9373 , 1912 , 7461
2243 , 9373 , 1912 , 7461
2244 , 9373 , 1912 , 7461
2245 , 9373 , 1912 , 7461
2246 , 9373 , 1912 , 7461
2247 , 9373 , 1912 , 7461
2248 , 9373 , 1912 , 7461
2249 , 9373 , 1912 , 7461
2250 , 9373 , 1912 , 7461
2251 , 9373 , 1912 , 7461
2252 , 9373 , 1912 , 7461
2253 , 9373 , 1912 , 7461
2254 , 9373 , 1912 , 7461
2255 , 9373 , 1912 , 7461
2256 , 9373 , 1912 , 7461
2257 , 9373 , 1912 , 7461
2258 , 9373 , 1912 , 7461
2259 , 9373 , 1912 , 7461
2260 , 9373 , 1912 , 7461
2261 , 9373 , 1912 , 7461
2262 , 9373 , 1912 , 7461
2263 , 9373 , 1912 , 7461
2264 , 9373 , 1912 , 7461
2265 , 9373 , 1912 , 7461
2266 , 9373 , 1912 , 7461
2267 , 9373 , 1912 , 7461
2268 , 9373 , 1912 , 7461
2269 , 9373 , 1912 , 7461
2270 , 9373 , 1912 , 7461
2271 , 9373 , 1912 , 7461
2272 , 9373 , 1912 , 7461
2273 , 9373 , 1912 , 7461
2274 , 9373 , 1912 , 7461
2275 , 9373 , 1912 , 7461
2276 , 9373 , 1912 , 7461
2277 , 9373 , 1912 , 7461
2278 , 9373 , 1912 , 7461
2279 , 9373 , 1912 , 7461
2280 , 9373 , 1912 , 7461
2281 , 9373 , 1912 , 7461
2282 , 9373 , 1912 , 7461
2283 , 9373 , 1912 , 7461
2284 , 9373 , 1912 , 7461
2285 , 9373 , 1912 , 7461
2286 , 9373 , 1912 , 7461
2287 , 9373 , 1912 , 7461
2288 , 9373 , 1912 , 7461
2289 , 9373 , 1912 , 7461
2290 , 9373 , 1912 , 7461
2291 , 9373 , 1912 , 7461
2292 , 9373 , 1912 , 7461
2293 , 9373 , 1912 , 7461
2294 , 9373 , 1912 , 7461
2295 , 9373 , 1912 , 7461
2296 , 9373 , 1912 , 7461
2297 , 9373 , 1912 , 7461
2298 , 9373 , 1912 , 7461
2299 , 9373 , 1912 , 7461
2300 , 9373 , 1912 , 7461
2301 , 9373 , 1912 , 7461
2302 , 9373 , 1912 , 7461
2303 , 9373 , 1912 , 7461
2304 , 9373 , 1912 , 7461
2305 , 9373 , 1912 , 7461
2306 , 9373 , 1912 , 7461
2307 , 9373 , 1912 , 7461
2308 , 9373 , 1912 , 7461
2309 , 9373 , 1912 , 7461
2310 , 9373 , 1912 , 7461
2311 , 9373 , 1912 , 7461
2312 , 9373 , 1912 , 7461
2313 , 9373 , 1912 , 7461
2314 , 9373 , 1912 , 7461
2315 , 9373 , 1912 , 7461
2316 , 9373 , 1912 , 7461
2317 , 9373 , 1912 , 7461
2318 , 9373 , 1912 , 7461
2319 , 9373 , 1912 , 7461
2320 , 9373 , 1912 , 7461
2321 , 9373 , 1912 , 7461
2322 , 9373 , 1912 , 7461
2323 , 9373 , 1912 , 7461
2324 , 9373 , 1912 , 7461
2325 , 9373 , 1912 , 7461
2326 , 9373 , 1912 , 7461
2327 , 9373 , 1912 , 7461
2328 , 9373 , 1912 , 7461
2329 , 9373 , 1912 , 7461
2330 , 9373 , 1912 , 7461
2331 , 9373 , 1912 , 7461
2332 , 9373 , 1912 , 7461
2333 , 9373 , 1912 , 7461
2334 , 9373 , 1912 , 7461
2335 , 9373 , 1912 , 7461
2336 , 9373 , 1912 , 7461
2337 , 9373 , 1912 , 7461
2338 , 9373 , 1912 , 7461
2339 , 9373 , 1912 , 7461
2340 , 9373 , 1912 , 7461
2341 , 9373 , 1912 , 7461
2342 , 9373 , 1912 , 7461
2343 , 9373 , 1912 , 7461
2344 , 9373 , 1912 , 7461
2345 , 9373 , 1912 , 7461
2346 , 9373 , 1912 , 7461
2347 , 9373 , 1912 , 7461
2348 , 9373 , 1912 , 7461
2349 , 9373 , 1912 , 7461
2350 , 9373 , 1912 , 7461
2351 , 9373 , 1912 , 7461
2352 , 9373 , 1912 , 7461
2353 , 9373 , 1912 , 7461
2354 , 9373 , 1913 , 7460
2355 , 9373 , 1912 , 7461
2356 , 9373 , 1913 , 7460
2357 , 9373 , 1913 , 7460
2358 , 9373 , 1913 , 7460
2359 , 9373 , 1913 , 7460
2360 , 9373 , 1913 , 7460
2361 , 9373 , 1913 , 7460
2362 , 9373 , 1913 , 7460
2363 , 9373 , 1913 , 7460
2364 , 9373 , 1913 , 7460
2365 , 9373 , 1913 , 7460
2366 , 9373 , 1913 , 7460
2367 , 9373 , 1913 , 7460
2368 , 9373 , 1912 , 7461
2369 , 9373 , 1912 , 7461
2370 , 9373 , 1912 , 7461
2371 , 9373 , 1912 , 7461
2372 , 9373 , 1913 , 7460
2373 , 9373 , 1913 , 7460
2374 , 9373 , 1913 , 7460
2375 , 9373 , 1913 , 7460
2376 , 9373 , 1913 , 7460
2377 , 9373 , 1913 , 7460
2378 , 9373 , 1913 , 7460
2379 , 9373 , 1913 , 7460
2380 , 9373 , 1913 , 7460
2381 , 9373 , 1913 , 7460
2382 , 9373 , 1913 , 7460
2383 , 9373 , 1913 , 7460
2384 , 9373 , 1913 , 7460
2385 , 9373 , 1913 , 7460
2386 , 9373 , 1913 , 7460
2387 , 9373 , 1913 , 7460
2388 , 9373 , 1913 , 7460
2389 , 9373 , 1913 , 7460
2390 , 9373 , 1913 , 7460
2391 , 9373 , 1913 , 7460
2392 , 9373 , 1913 , 7460
2393 , 9373 , 1913 , 7460
2394 , 9373 , 1913 , 7460
2395 , 9373 , 1913 , 7460
2396 , 9373 , 1913 , 7460
2397 , 9373 , 1913 , 7460
2398 , 9373 , 1913 , 7460
2399 , 9373 , 1913 , 7460
2400 , 9373 , 1702 , 7671
2401 , 9373 , 1702 , 7671
2402 , 9373 , 1702 , 7671
2403 , 9373 , 1702 , 7671
2404 , 9373 , 1702 , 7671
2405 , 9373 , 1701 , 7672
2406 , 9373 , 1701 , 7672
2407 , 9373 , 1701 , 7672
2408 , 9373 , 1701 , 7672
2409 , 9373 , 1702 , 7671
2410 , 9373 , 1702 , 7671
2411 , 9373 , 1702 , 7671
2412 , 9373 , 1702 , 7671
2413 , 9373 , 1702 , 7671
2414 , 9373 , 1702 , 7671
2415 , 9373 , 1913 , 7460
2416 , 9373 , 1913 , 7460
2417 , 9373 , 1913 , 7460
2418 , 9373 , 1913 , 7460
2419 , 9373 , 1913 , 7460
2420 , 9373 , 1913 , 7460
2421 , 9373 , 1913 , 7460
2422 , 9373 , 1913 , 7460
2423 , 9373 , 1913 , 7460
2424 , 9373 , 1913 , 7460
2425 , 9373 , 1913 , 7460
2426 , 9373 , 1913 , 7460
2427 , 9373 , 1913 , 7460
2428 , 9373 , 1913 , 7460
2429 , 9373 , 1913 , 7460
2430 , 9373 , 1913 , 7460
2431 , 9373 , 1702 , 7671
2432 , 9373 , 1702 , 7671
2433 , 9373 , 1913 , 7460
2434 , 9373 , 1913 , 7460
2435 , 9373 , 1913 , 7460
2436 , 9373 , 1913 , 7460
2437 , 9373 , 1913 , 7460
2438 , 9373 , 1913 , 7460
2439 , 9373 , 1914 , 7459
2440 , 9373 , 1913 , 7460
2441 , 9373 , 1912 , 7461
2442 , 9373 , 1912 , 7461
2443 , 9373 , 1912 , 7461
2444 , 9373 , 16914 , -7541
2445 , 9373 , 16915 , -7542
2446 , 9373 , 16915 , -7542
2447 , 9373 , 16917 , -7544
2448 , 9373 , 16917 , -7544
2449 , 9373 , 16917 , -7544
2450 , 9373 , 16665 , -7292
2451 , 9373 , 16915 , -7542
2452 , 9373 , 16917 , -7544
2453 , 9373 , 16917 , -7544
2454 , 9373 , 16917 , -7544
2455 , 9373 , 16915 , -7542
2456 , 9373 , 16915 , -7542
2457 , 9373 , 16915 , -7542
2458 , 9373 , 16917 , -7544
2459 , 9373 , 16915 , -7542
2460 , 9373 , 16915 , -7542
2461 , 9373 , 16915 , -7542
2462 , 9373 , 16917 , -7544
2463 , 9373 , 16917 , -7544
2464 , 9373 , 16917 , -7544
2465 , 9373 , 16917 , -7544
2466 , 9373 , 16917 , -7544
2467 , 9373 , 16915 , -7542
2468 , 9373 , 16917 , -7544
2469 , 9373 , 16917 , -7544
2470 , 9373 , 16917 , -7544
2471 , 9373 , 16917 , -7544
2472 , 9373 , 16915 , -7542
2473 , 9373 , 16915 , -7542
2474 , 9373 , 16917 , -7544
2475 , 9373 , 16915 , -7542
2476 , 9373 , 16915 , -7542
2477 , 9373 , 16915 , -7542
2478 , 9373 , 16915 , -7542
2479 , 9373 , 16915 , -7542
2480 , 9373 , 16915 , -7542
2481 , 9373 , 16915 , -7542
2482 , 9373 , 16915 , -7542
2483 , 9373 , 16915 , -7542
2484 , 9373 , 16915 , -7542
2485 , 9373 , 16915 , -7542
2486 , 9373 , 16915 , -7542
2487 , 9373 , 16915 , -7542
2488 , 9373 , 16915 , -7542
2489 , 9373 , 16665 , -7292
2490 , 9373 , 16665 , -7292
2491 , 9373 , 16665 , -7292
2492 , 9373 , 16665 , -7292
2493 , 9373 , 16665 , -7292
2494 , 9373 , 16665 , -7292
2495 , 9373 , 16665 , -7292
2496 , 9373 , 16665 , -7292
2497 , 9373 , 16665 , -7292
2498 , 9373 , 16665 , -7292
2499 , 9373 , 16665 , -7292
2500 , 9373 , 16665 , -7292
2501 , 9373 , 16665 , -7292
2502 , 9373 , 16665 , -7292
2503 , 9373 , 16665 , -7292
2504 , 9373 , 16665 , -7292
2505 , 9373 , 16665 , -7292
2506 , 9373 , 16665 , -7292
2507 , 9373 , 16665 , -7292
2508 , 9373 , 16665 , -7292
2509 , 9373 , 16665 , -7292
2510 , 9373 , 16665 , -7292
2511 , 9373 , 16665 , -7292
2512 , 9373 , 16665 , -7292
2513 , 9373 , 16665 , -7292
2514 , 9373 , 16665 , -7292
2515 , 9373 , 16665 , -7292
2516 , 9373 , 16665 , -7292
2517 , 9373 , 16665 , -7292
2518 , 9373 , 16665 , -7292
2519 , 9373 , 16665 , -7292
2520 , 9373 , 16665 , -7292
2521 , 9373 , 16665 , -7292
2522 , 9373 , 16665 , -7292
2523 , 9373 , 16665 , -7292
2524 , 9373 , 16667 , -7294
2525 , 9373 , 16665 , -7292
2526 , 9373 , 16665 , -7292
2527 , 9373 , 16665 , -7292
2528 , 9373 , 16665 , -7292
2529 , 9373 , 16665 , -7292
2530 , 9373 , 16665 , -7292
2531 , 9373 , 16665 , -7292
2532 , 9373 , 16665 , -7292
2533 , 9373 , 16665 , -7292
2534 , 9373 , 16665 , -7292
2535 , 9373 , 16665 , -7292
2536 , 9373 , 16665 , -7292
2537 , 9373 , 16665 , -7292
2538 , 9373 , 16665 , -7292
2539 , 9373 , 16665 , -7292
2540 , 9373 , 16665 , -7292
2541 , 9373 , 16665 , -7292
2542 , 9373 , 16665 , -7292
2543 , 9373 , 16665 , -7292
2544 , 9373 , 16665 , -7292
2545 , 9373 , 16665 , -7292
2546 , 9373 , 16665 , -7292
2547 , 9373 , 16665 , -7292
2548 , 9373 , 16665 , -7292
2549 , 9373 , 16665 , -7292
2550 , 9373 , 16667 , -7294
2551 , 9373 , 16667 , -7294
2552 , 9373 , 16667 , -7294
2553 , 9373 , 16667 , -7294
2554 , 9373 , 16667 , -7294
2555 , 9373 , 16667 , -7294
2556 , 9373 , 16665 , -7292
2557 , 9373 , 16665 , -7292
2558 , 9373 , 16665 , -7292
2559 , 9373 , 16665 , -7292
2560 , 9373 , 16665 , -7292
2561 , 9373 , 16665 , -7292
2562 , 9373 , 16665 , -7292
2563 , 9373 , 16665 , -7292
2564 , 9373 , 1701 , 7672
2565 , 9373 , 1701 , 7672
2566 , 9373 , 1703 , 7670
2567 , 9373 , 1703 , 7670
2568 , 9373 , 1703 , 7670
2569 , 9373 , 1701 , 7672
2570 , 9373 , 1701 , 7672
2571 , 9373 , 1701 , 7672
2572 , 9373 , 1701 , 7672
2573 , 9373 , 1703 , 7670
2574 , 9373 , 1703 , 7670
2575 , 9373 , 1703 , 7670
2576 , 9373 , 1703 , 7670
2577 , 9373 , 1703 , 7670
2578 , 9373 , 1703 , 7670
2579 , 9373 , 1703 , 7670
2580 , 9373 , 1703 , 7670
2581 , 9373 , 1703 , 7670
2582 , 9373 , 1703 , 7670
2583 , 9373 , 1703 , 7670
2584 , 9373 , 1703 , 7670
2585 , 9373 , 1703 , 7670
2586 , 9373 , 1703 , 7670
2587 , 9373 , 1703 , 7670
2588 , 9373 , 1703 , 7670
2589 , 9373 , 1703 , 7670
2590 , 9373 , 1703 , 7670
2591 , 9373 , 16667 , -7294
2592 , 9373 , 16667 , -7294
2593 , 9373 , 16667 , -7294
2594 , 9373 , 16667 , -7294
2595 , 9373 , 16667 , -7294
2596 , 9373 , 1703 , 7670
2597 , 9373 , 1703 , 7670
2598 , 9373 , 1703 , 7670
2599 , 9373 , 1703 , 7670
2600 , 9373 , 1703 , 7670
2601 , 9373 , 16667 , -7294
2602 , 9373 , 16667 , -7294
2603 , 9373 , 16667 , -7294
2604 , 9373 , 16667 , -7294
2605 , 9373 , 16667 , -7294
2606 , 9373 , 16667 , -7294
2607 , 9373 , 16667 , -7294
2608 , 9373 , 16667 , -7294
2609 , 9373 , 16667 , -7294
2610 , 9373 , 16667 , -7294
2611 , 9373 , 16667 , -7294
2612 , 9373 , 16667 , -7294
2613 , 9373 , 16667 , -7294
2614 , 9373 , 16666 , -7293
2615 , 9373 , 16667 , -7294
2616 , 9373 , 16666 , -7293
2617 , 9373 , 1703 , 7670
2618 , 9373 , 1703 , 7670
2619 , 9373 , 1703 , 7670
2620 , 9373 , 1703 , 7670
2621 , 9373 , 1702 , 7671
2622 , 9373 , 1703 , 7670
2623 , 9373 , 1703 , 7670
2624 , 9373 , 1703 , 7670
2625 , 9373 , 1703 , 7670
2626 , 9373 , 1703 , 7670
2627 , 9373 , 1703 , 7670
2628 , 9373 , 1703 , 7670
2629 , 9373 , 1703 , 7670
2630 , 9373 , 1703 , 7670
2631 , 9373 , 1703 , 7670
2632 , 9373 , 1703 , 7670
2633 , 9373 , 1703 , 7670
2634 , 9373 , 1703 , 7670
2635 , 9373 , 1702 , 7671
2636 , 9373 , 1702 , 7671
2637 , 9373 , 1702 , 7671
2638 , 9373 , 1702 , 7671
2639 , 9373 , 1703 , 7670
2640 , 9373 , 1703 , 7670
2641 , 9373 , 1703 , 7670
2642 , 9373 , 1702 , 7671
2643 , 9373 , 1702 , 7671
2644 , 9373 , 1702 , 7671
2645 , 9373 , 1702 , 7671
2646 , 9373 , 1702 , 7671
2647 , 9373 , 1703 , 7670
2648 , 9373 , 1703 , 7670
2649 , 9373 , 1703 , 7670
2650 , 9373 , 1703 , 7670
2651 , 9373 , 1703 , 7670
2652 , 9373 , 1702 , 7671
2653 , 9373 , 1702 , 7671
2654 , 9373 , 1913 , 7460
2655 , 9373 , 1913 , 7460
2656 , 9373 , 1912 , 7461
2657 , 9373 , 1912 , 7461
2658 , 9373 , 1912 , 7461
2659 , 9373 , 1912 , 7461
2660 , 9373 , 1912 , 7461
2661 , 9373 , 1912 , 7461
2662 , 9373 , 1912 , 7461
2663 , 9373 , 1912 , 7461
2664 , 9373 , 1912 , 7461
2665 , 9373 , 1912 , 7461
2666 , 9373 , 1912 , 7461
2667 , 9373 , 1912 , 7461
2668 , 9373 , 1912 , 7461
2669 , 9373 , 1912 , 7461
2670 , 9373 , 1912 , 7461
2671 , 9373 , 1912 , 7461
2672 , 9373 , 1912 , 7461
2673 , 9373 , 1912 , 7461
2674 , 9373 , 1912 , 7461
2675 , 9373 , 1912 , 7461
2676 , 9373 , 1912 , 7461
2677 , 9373 , 1912 , 7461
2678 , 9373 , 1912 , 7461
2679 , 9373 , 1912 , 7461
2680 , 9373 , 1912 , 7461
2681 , 9373 , 1912 , 7461
2682 , 9373 , 1912 , 7461
2683 , 9373 , 1912 , 7461
2684 , 9373 , 1912 , 7461
2685 , 9373 , 1912 , 7461
2686 , 9373 , 1912 , 7461
2687 , 9373 , 1912 , 7461
2688 , 9373 , 1912 , 7461
2689 , 9373 , 1912 , 7461
2690 , 9373 , 1912 , 7461
2691 , 9373 , 1912 , 7461
2692 , 9373 , 1912 , 7461
2693 , 9373 , 1912 , 7461
2694 , 9373 , 1912 , 7461
2695 , 9373 , 1912 , 7461
2696 , 9373 , 1912 , 7461
2697 , 9373 , 1912 , 7461
2698 , 9373 , 1912 , 7461
2699 , 9373 , 1912 , 7461
2700 , 9373 , 1912 , 7461
2701 , 9373 , 1912 , 7461
2702 , 9373 , 1912 , 7461
2703 , 9373 , 1912 , 7461
2704 , 9373 , 1912 , 7461
2705 , 9373 , 1912 , 7461
2706 , 9373 , 1912 , 7461
2707 , 9373 , 1912 , 7461
2708 , 9373 , 1912 , 7461
2709 , 9373 , 1912 , 7461
2710 , 9373 , 1912 , 7461
2711 , 9373 , 1912 , 7461
2712 , 9373 , 16915 , -7542
2713 , 9373 , 16915 , -7542
2714 , 9373 , 16915 , -7542
2715 , 9373 , 16915 , -7542
2716 , 9373 , 16915 , -7542
2717 , 9373 , 16915 , -7542
2718 , 9373 , 16915 , -7542
2719 , 9373 , 16915 , -7542
2720 , 9373 , 16915 , -7542
2721 , 9373 , 16915 , -7542
2722 , 9373 , 16915 , -7542
2723 , 9373 , 16915 , -7542
2724 , 9373 , 1912 , 7461
2725 , 9373 , 1912 , 7461
2726 , 9373 , 1912 , 7461
2727 , 9373 , 1912 , 7461
2728 , 9373 , 1912 , 7461
2729 , 9373 , 1912 , 7461
2730 , 9373 , 1912 , 7461
2731 , 9373 , 1912 , 7461
2732 , 9373 , 1912 , 7461
2733 , 9373 , 1912 , 7461
2734 , 9373 , 1912 , 7461
2735 , 9373 , 1912 , 7461
2736 , 9373 , 1912 , 7461
2737 , 9373 , 1912 , 7461
2738 , 9373 , 1912 , 7461
2739 , 9373 , 1912 , 7461
2740 , 9373 , 1912 , 7461
2741 , 9373 , 1912 , 7461
2742 , 9373 , 1912 , 7461
2743 , 9373 , 1912 , 7461
2744 , 9373 , 1912 , 7461
2745 , 9373 , 1912 , 7461
2746 , 9373 , 1912 , 7461
2747 , 9373 , 1912 , 7461
2748 , 9373 , 1912 , 7461
2749 , 9373 , 1912 , 7461
2750 , 9373 , 1912 , 7461
2751 , 9373 , 1912 , 7461
2752 , 9373 , 1912 , 7461
2753 , 9373 , 1912 , 7461
2754 , 9373 , 1701 , 7672
2755 , 9373 , 1701 , 7672
2756 , 9373 , 1912 , 7461
2757 , 9373 , 1912 , 7461
2758 , 9373 , 1912 , 7461
2759 , 9373 , 1912 , 7461
2760 , 9373 , 1912 , 7461
2761 , 9373 , 1912 , 7461
2762 , 9373 , 1912 , 7461
2763 , 9373 , 1912 , 7461
2764 , 9373 , 1912 , 7461
2765 , 9373 , 1912 , 7461
2766 , 9373 , 1912 , 7461
2767 , 9373 , 1912 , 7461
2768 , 9373 , 1701 , 7672
2769 , 9373 , 1701 , 7672
2770 , 9373 , 1912 , 7461
2771 , 9373 , 1912 , 7461
2772 , 9373 , 1912 , 7461
2773 , 9373 , 1912 , 7461
2774 , 9373 , 1912 , 7461
2775 , 9373 , 1912 , 7461
2776 , 9373 , 1701 , 7672
2777 , 9373 , 1701 , 7672
2778 , 9373 , 1701 , 7672
2779 , 9373 , 1701 , 7672
2780 , 9373 , 1701 , 7672
2781 , 9373 , 1701 , 7672
2782 , 9373 , 1701 , 7672
2783 , 9373 , 1701 , 7672
2784 , 9373 , 1701 , 7672
2785 , 9373 , 16665 , -7292
2786 , 9373 , 16665 , -7292
2787 , 9373 , 16665 , -7292
2788 , 9373 , 16665 , -7292
2789 , 9373 , 16665 , -7292
2790 , 9373 , 16665 , -7292
2791 , 9373 , 16665 , -7292
2792 , 9373 , 1701 , 7672
2793 , 9373 , 1912 , 7461
2794 , 9373 , 1912 , 7461
2795 , 9373 , 1701 , 7672
2796 , 9373 , 1912 , 7461
2797 , 9373 , 1912 , 7461
2798 , 9373 , 1914 , 7459
2799 , 9373 , 1914 , 7459
2800 , 9373 , 1912 , 7461
2801 , 9373 , 1914 , 7459
2802 , 9373 , 1914 , 7459
2803 , 9373 , 1912 , 7461
2804 , 9373 , 1912 , 7461
2805 , 9373 , 1912 , 7461
2806 , 9373 , 1912 , 7461
2807 , 9373 , 1912 , 7461
2808 , 9373 , 1914 , 7459
2809 , 9373 , 1912 , 7461
2810 , 9373 , 1912 , 7461
2811 , 9373 , 1912 , 7461
2812 , 9373 , 1912 , 7461
2813 , 9373 , 1912 , 7461
2814 , 9373 , 1912 , 7461
2815 , 9373 , 1912 , 7461
2816 , 9373 , 1912 , 7461
2817 , 9373 , 1912 , 7461
2818 , 9373 , 1912 , 7461
2819 , 9373 , 1914 , 7459
2820 , 9373 , 1912 , 7461
2821 , 9373 , 1912 , 7461
2822 , 9373 , 1912 , 7461
2823 , 9373 , 1912 , 7461
2824 , 9373 , 1912 , 7461
2825 , 9373 , 1914 , 7459
2826 , 9373 , 1914 , 7459
2827 , 9373 , 1914 , 7459
2828 , 9373 , 1912 , 7461
2829 , 9373 , 1912 , 7461
2830 , 9373 , 1912 , 7461
2831 , 9373 , 1912 , 7461
2832 , 9373 , 1912 , 7461
2833 , 9373 , 1912 , 7461
2834 , 9373 , 1914 , 7459
2835 , 9373 , 1914 , 7459
2836 , 9373 , 1914 , 7459
2837 , 9373 , 1914 , 7459
2838 , 9373 , 1914 , 7459
2839 , 9373 , 1914 , 7459
2840 , 9373 , 1914 , 7459
2841 , 9373 , 1913 , 7460
2842 , 9373 , 1913 , 7460
2843 , 9373 , 1914 , 7459
2844 , 9373 , 1914 , 7459
2845 , 9373 , 1914 , 7459
2846 , 9373 , 1914 , 7459
2847 , 9373 , 1914 , 7459
2848 , 9373 , 1914 , 7459
2849 , 9373 , 1913 , 7460
2850 , 9373 , 1914 , 7459
2851 , 9373 , 1914 , 7459
2852 , 9373 , 1914 , 7459
2853 , 9373 , 1914 , 7459
2854 , 9373 , 1913 , 7460
2855 , 9373 , 1914 , 7459
2856 , 9373 , 1914 , 7459
2857 , 9373 , 1914 , 7459
2858 , 9373 , 1914 , 7459
2859 , 9373 , 1914 , 7459
2860 , 9373 , 1914 , 7459
2861 , 9373 , 1914 , 7459
2862 , 9373 , 1914 , 7459
2863 , 9373 , 1914 , 7459
2864 , 9373 , 1914 , 7459
2865 , 9373 , 1912 , 7461
2866 , 9373 , 1914 , 7459
2867 , 9373 , 1913 , 7460
2868 , 9373 , 1913 , 7460
2869 , 9373 , 1914 , 7459
2870 , 9373 , 1913 , 7460
2871 , 9373 , 1914 , 7459
2872 , 9373 , 1914 , 7459
2873 , 9373 , 1913 , 7460
2874 , 9373 , 1913 , 7460
2875 , 9373 , 1912 , 7461
2876 , 9373 , 1912 , 7461
2877 , 9373 , 1912 , 7461
2878 , 9373 , 1912 , 7461
2879 , 9373 , 1912 , 7461
2880 , 9373 , 1912 , 7461
2881 , 9373 , 1912 , 7461
2882 , 9373 , 1912 , 7461
2883 , 9373 , 1912 , 7461
2884 , 9373 , 1912 , 7461
2885 , 9373 , 1914 , 7459
2886 , 9373 , 1914 , 7459
2887 , 9373 , 1914 , 7459
2888 , 9373 , 1914 , 7459
2889 , 9373 , 1914 , 7459
2890 , 9373 , 1914 , 7459
2891 , 9373 , 1914 , 7459
2892 , 9373 , 1912 , 7461
2893 , 9373 , 1912 , 7461
2894 , 9373 , 1912 , 7461
2895 , 9373 , 1912 , 7461
2896 , 9373 , 1912 , 7461
2897 , 9373 , 1912 , 7461
2898 , 9373 , 1912 , 7461
2899 , 9373 , 1912 , 7461
2900 , 9373 , 1912 , 7461
2901 , 9373 , 1912 , 7461
2902 , 9373 , 1912 , 7461
2903 , 9373 , 1912 , 7461
2904 , 9373 , 1912 , 7461
2905 , 9373 , 1912 , 7461
2906 , 9373 , 1912 , 7461
2907 , 9373 , 1912 , 7461
2908 , 9373 , 1912 , 7461
2909 , 9373 , 1912 , 7461
2910 , 9373 , 1912 , 7461
2911 , 9373 , 1912 , 7461
2912 , 9373 , 1912 , 7461
2913 , 9373 , 1912 , 7461
2914 , 9373 , 1912 , 7461
2915 , 9373 , 1912 , 7461
2916 , 9373 , 1912 , 7461
2917 , 9373 , 1912 , 7461
2918 , 9373 , 1912 , 7461
2919 , 9373 , 1912 , 7461
2920 , 9373 , 1912 , 7461
2921 , 9373 , 1912 , 7461
2922 , 9373 , 1912 , 7461
2923 , 9373 , 1912 , 7461
2924 , 9373 , 1912 , 7461
2925 , 9373 , 1912 , 7461
2926 , 9373 , 1912 , 7461
2927 , 9373 , 1912 , 7461
2928 , 9373 , 1912 , 7461
2929 , 9373 , 1912 , 7461
2930 , 9373 , 1912 , 7461
2931 , 9373 , 1912 , 7461
2932 , 9373 , 1912 , 7461
2933 , 9373 , 1912 , 7461
2934 , 9373 , 1912 , 7461
2935 , 9373 , 1912 , 7461
2936 , 9373 , 1912 , 7461
2937 , 9373 , 1912 , 7461
2938 , 9373 , 1912 , 7461
2939 , 9373 , 1912 , 7461
2940 , 9373 , 1912 , 7461
2941 , 9373 , 1912 , 7461
2942 , 9373 , 1912 , 7461
2943 , 9373 , 1912 , 7461
2944 , 9373 , 1912 , 7461
2945 , 9373 , 1912 , 7461
2946 , 9373 , 1912 , 7461
2947 , 9373 , 1912 , 7461
2948 , 9373 , 1912 , 7461
2949 , 9373 , 1912 , 7461
2950 , 9373 , 1912 , 7461
2951 , 9373 , 1912 , 7461
2952 , 9373 , 1912 , 7461
2953 , 9373 , 1912 , 7461
2954 , 9373 , 1912 , 7461
2955 , 9373 , 1912 , 7461
2956 , 9373 , 1912 , 7461
2957 , 9373 , 1912 , 7461
2958 , 9373 , 1912 , 7461
2959 , 9373 , 1912 , 7461
2960 , 9373 , 1912 , 7461
2961 , 9373 , 1912 , 7461
2962 , 9373 , 1912 , 7461
2963 , 9373 , 1912 , 7461
2964 , 9373 , 1912 , 7461
2965 , 9373 , 1912 , 7461
2966 , 9373 , 1912 , 7461
2967 , 9373 , 1912 , 7461
2968 , 9373 , 1912 , 7461
2969 , 9373 , 1912 , 7461
2970 , 9373 , 1912 , 7461
2971 , 9373 , 1912 , 7461
2972 , 9373 , 1912 , 7461
2973 , 9373 , 1912 , 7461
2974 , 9373 , 1918 , 7455
2975 , 9373 , 1912 , 7461
2976 , 9373 , 1918 , 7455
2977 , 9373 , 1918 , 7455
2978 , 9373 , 1918 , 7455
2979 , 9373 , 1918 , 7455
2980 , 9373 , 1918 , 7455
2981 , 9373 , 1918 , 7455
2982 , 9373 , 1918 , 7455
2983 , 9373 , 1918 , 7455
2984 , 9373 , 1918 , 7455
2985 , 9373 , 1918 , 7455
2986 , 9373 , 1918 , 7455
2987 , 9373 , 1918 , 7455
2988 , 9373 , 1918 , 7455
2989 , 9373 , 1918 , 7455
2990 , 9373 , 1918 , 7455
2991 , 9373 , 1917 , 7456
2992 , 9373 , 2759 , 6614
2993 , 9373 , 2759 , 6614
2994 , 9373 , 2759 , 6614
2995 , 9373 , 2759 , 6614
2996 , 9373 , 2759 , 6614
2997 , 9373 , 2760 , 6613
2998 , 9373 , 2760 , 6613
2999 , 9373 , 2760 , 6613
3000 , 9373 , 2760 , 6613
3001 , 9373 , 2760 , 6613
3002 , 9373 , 2760 , 6613
3003 , 9373 , 2760 , 6613
3004 , 9373 , 2759 , 6614
3005 , 9373 , 2759 , 6614
3006 , 9373 , 2759 , 6614
3007 , 9373 , 2759 , 6614
3008 , 9373 , 2759 , 6614
3009 , 9373 , 2759 , 6614
3010 , 9373 , 2759 , 6614
3011 , 9373 , 2759 , 6614
3012 , 9373 , 2759 , 6614
3013 , 9373 , 2759 , 6614
3014 , 9373 , 2759 , 6614
3015 , 9373 , 2759 , 6614
3016 , 9373 , 2759 , 6614
3017 , 9373 , 2759 , 6614
3018 , 9373 , 2759 , 6614
3019 , 9373 , 2759 , 6614
3020 , 9373 , 2759 , 6614
3021 , 9373 , 2759 , 6614
3022 , 9373 , 2759 , 6614
3023 , 9373 , 2759 , 6614
3024 , 9373 , 2759 , 6614
3025 , 9373 , 2754 , 6619
3026 , 9373 , 2754 , 6619
3027 , 9373 , 2759 , 6614
3028 , 9373 , 2759 , 6614
3029 , 9373 , 2759 , 6614
3030 , 9373 , 2759 , 6614
3031 , 9373 , 2759 , 6614
3032 , 9373 , 2759 , 6614
3033 , 9373 , 2759 , 6614
3034 , 9373 , 2759 , 6614
3035 , 9373 , 2759 , 6614
3036 , 9373 , 2759 , 6614
3037 , 9373 , 2759 , 6614
3038 , 9373 , 2754 , 6619
3039 , 9373 , 2759 , 6614
3040 , 9373 , 2759 , 6614
3041 , 9373 , 2759 , 6614
3042 , 9373 , 2759 , 6614
3043 , 9373 , 2759 , 6614
3044 , 9373 , 2759 , 6614
3045 , 9373 , 2759 , 6614
3046 , 9373 , 2759 , 6614
3047 , 9373 , 2759 , 6614
3048 , 9373 , 2759 , 6614
3049 , 9373 , 2754 , 6619
3050 , 9373 , 2754 , 6619
3051 , 9373 , 2754 , 6619
3052 , 9373 , 2754 , 6619
3053 , 9373 , 2754 , 6619
3054 , 9373 , 2754 , 6619
3055 , 9373 , 2754 , 6619
3056 , 9373 , 2754 , 6619
3057 , 9373 , 2754 , 6619
3058 , 9373 , 2754 , 6619
3059 , 9373 , 2754 , 6619
3060 , 9373 , 2754 , 6619
3061 , 9373 , 2754 , 6619
3062 , 9373 , 2754 , 6619
3063 , 9373 , 2754 , 6619
3064 , 9373 , 2754 , 6619
3065 , 9373 , 2754 , 6619
3066 , 9373 , 2754 , 6619
3067 , 9373 , 2754 , 6619
3068 , 9373 , 2754 , 6619
3069 , 9373 , 2754 , 6619
3070 , 9373 , 2754 , 6619
3071 , 9373 , 2754 , 6619
3072 , 9373 , 2754 , 6619
3073 , 9373 , 2754 , 6619
3074 , 9373 , 2754 , 6619
3075 , 9373 , 2754 , 6619
3076 , 9373 , 2754 , 6619
3077 , 9373 , 1912 , 7461
3078 , 9373 , 1912 , 7461
3079 , 9373 , 1912 , 7461
3080 , 9373 , 1912 , 7461
3081 , 9373 , 1912 , 7461
3082 , 9373 , 1912 , 7461
3083 , 9373 , 2754 , 6619
3084 , 9373 , 2754 , 6619
3085 , 9373 , 2754 , 6619
3086 , 9373 , 2754 , 6619
3087 , 9373 , 2754 , 6619
3088 , 9373 , 2754 , 6619
3089 , 9373 , 2754 , 6619
3090 , 9373 , 2754 , 6619
3091 , 9373 , 2754 , 6619
3092 , 9373 , 17923 , -8550
3093 , 9373 , 17923 , -8550
3094 , 9373 , 17928 , -8555
3095 , 9373 , 17928 , -8555
3096 , 9373 , 17928 , -8555
3097 , 9373 , 17923 , -8550
3098 , 9373 , 17923 , -8550
3099 , 9373 , 17923 , -8550
3100 , 9373 , 17923 , -8550
3101 , 9373 , 17923 , -8550
3102 , 9373 , 17923 , -8550
3103 , 9373 , 17923 , -8550
3104 , 9373 , 17923 , -8550
3105 , 9373 , 17923 , -8550
3106 , 9373 , 17923 , -8550
3107 , 9373 , 17923 , -8550
3108 , 9373 , 17923 , -8550
3109 , 9373 , 17923 , -8550
3110 , 9373 , 17923 , -8550
3111 , 9373 , 17923 , -8550
3112 , 9373 , 17923 , -8550
3113 , 9373 , 17923 , -8550
3114 , 9373 , 17923 , -8550
3115 , 9373 , 17923 , -8550
3116 , 9373 , 17923 , -8550
3117 , 9373 , 17923 , -8550
3118 , 9373 , 17923 , -8550
3119 , 9373 , 17923 , -8550
3120 , 9373 , 17923 , -8550
3121 , 9373 , 17923 , -8550
3122 , 9373 , 17923 , -8550
3123 , 9373 , 17923 , -8550
3124 , 9373 , 17923 , -8550
3125 , 9373 , 2754 , 6619
3126 , 9373 , 17923 , -8550
3127 , 9373 , 17923 , -8550
3128 , 9373 , 17923 , -8550
3129 , 9373 , 17923 , -8550
3130 , 9373 , 17923 , -8550
3131 , 9373 , 17923 , -8550
3132 , 9373 , 17923 , -8550
3133 , 9373 , 17923 , -8550
3134 , 9373 , 17923 , -8550
3135 , 9373 , 17923 , -8550
3136 , 9373 , 17923 , -8550
3137 , 9373 , 17923 , -8550
3138 , 9373 , 17923 , -8550
3139 , 9373 , 17923 , -8550
3140 , 9373 , 17923 , -8550
3141 , 9373 , 17923 , -8550
3142 , 9373 , 17923 , -8550
3143 , 9373 , 17923 , -8550
3144 , 9373 , 17923 , -8550
3145 , 9373 , 17923 , -8550
3146 , 9373 , 17923 , -8550
3147 , 9373 , 17923 , -8550
3148 , 9373 , 17923 , -8550
3149 , 9373 , 17923 , -8550
3150 , 9373 , 17923 , -8550
3151 , 9373 , 17923 , -8550
3152 , 9373 , 17923 , -8550
3153 , 9373 , 17923 , -8550
3154 , 9373 , 17923 , -8550
3155 , 9373 , 17923 , -8550
3156 , 9373 , 17923 , -8550
3157 , 9373 , 17923 , -8550
3158 , 9373 , 17923 , -8550
3159 , 9373 , 17923 , -8550
3160 , 9373 , 17923 , -8550
3161 , 9373 , 17923 , -8550
3162 , 9373 , 17923 , -8550
3163 , 9373 , 17923 , -8550
3164 , 9373 , 17923 , -8550
3165 , 9373 , 17923 , -8550
3166 , 9373 , 17923 , -8550
3167 , 9373 , 17923 , -8550
3168 , 9373 , 17923 , -8550
3169 , 9373 , 17923 , -8550
3170 , 9373 , 17923 , -8550
3171 , 9373 , 17923 , -8550
3172 , 9373 , 17923 , -8550
3173 , 9373 , 17923 , -8550
3174 , 9373 , 17923 , -8550
3175 , 9373 , 2754 , 6619
3176 , 9373 , 2754 , 6619
3177 , 9373 , 2754 , 6619
3178 , 9373 , 2754 , 6619
3179 , 9373 , 2754 , 6619
3180 , 9373 , 2754 , 6619
3181 , 9373 , 17923 , -8550
3182 , 9373 , 2754 , 6619
3183 , 9373 , 2754 , 6619
3184 , 9373 , 2754 , 6619
3185 , 9373 , 2754 , 6619
3186 , 9373 , 17923 , -8550
3187 , 9373 , 2754 , 6619
3188 , 9373 , 2754 , 6619
3189 , 9373 , 17923 , -8550
3190 , 9373 , 17923 , -8550
3191 , 9373 , 17923 , -8550
3192 , 9373 , 2754 , 6619
3193 , 9373 , 2754 , 6619
3194 , 9373 , 2754 , 6619
3195 , 9373 , 2754 , 6619
3196 , 9373 , 17923 , -8550
3197 , 9373 , 2754 , 6619
3198 , 9373 , 17923 , -8550
3199 , 9373 , 17923 , -8550
3200 , 9373 , 2754 , 6619
3201 , 9373 , 17923 , -8550
3202 , 9373 , 17923 , -8550
3203 , 9373 , 17923 , -8550
3204 , 9373 , 17923 , -8550
3205 , 9373 , 17923 , -8550
3206 , 9373 , 17923 , -8550
3207 , 9373 , 17923 , -8550
3208 , 9373 , 17923 , -8550
3209 , 9373 , 17923 , -8550
3210 , 9373 , 17923 , -8550
3211 , 9373 , 17923 , -8550
3212 , 9373 , 17923 , -8550
3213 , 9373 , 17923 , -8550
3214 , 9373 , 17923 , -8550
3215 , 9373 , 17923 , -8550
3216 , 9373 , 17923 , -8550
3217 , 9373 , 17923 , -8550
3218 , 9373 , 17923 , -8550
3219 , 9373 , 17923 , -8550
3220 , 9373 , 17923 , -8550
3221 , 9373 , 17923 , -8550
3222 , 9373 , 17923 , -8550
3223 , 9373 , 17923 , -8550
3224 , 9373 , 17923 , -8550
3225 , 9373 , 17923 , -8550
3226 , 9373 , 17923 , -8550
3227 , 9373 , 17923 , -8550
3228 , 9373 , 17923 , -8550
3229 , 9373 , 18360 , -8987
3230 , 9373 , 18360 , -8987
3231 , 9373 , 18360 , -8987
3232 , 9373 , 18360 , -8987
3233 , 9373 , 17923 , -8550
3234 , 9373 , 17923 , -8550
3235 , 9373 , 17923 , -8550
3236 , 9373 , 17923 , -8550
3237 , 9373 , 17923 , -8550
3238 , 9373 , 17923 , -8550
3239 , 9373 , 17923 , -8550
3240 , 9373 , 17923 , -8550
3241 , 9373 , 17923 , -8550
3242 , 9373 , 17923 , -8550
3243 , 9373 , 17923 , -8550
3244 , 9373 , 17923 , -8550
3245 , 9373 , 18360 , -8987
3246 , 9373 , 18360 , -8987
3247 , 9373 , 18360 , -8987
3248 , 9373 , 18360 , -8987
3249 , 9373 , 18360 , -8987
3250 , 9373 , 18348 , -8975
3251 , 9373 , 18360 , -8987
3252 , 9373 , 18360 , -8987
3253 , 9373 , 18360 , -8987
3254 , 9373 , 18360 , -8987
3255 , 9373 , 18360 , -8987
3256 , 9373 , 18360 , -8987
3257 , 9373 , 18360 , -8987
3258 , 9373 , 18360 , -8987
3259 , 9373 , 18360 , -8987
3260 , 9373 , 18360 , -8987
3261 , 9373 , 18360 , -8987
3262 , 9373 , 18360 , -8987
3263 , 9373 , 18360 , -8987
3264 , 9373 , 18360 , -8987
3265 , 9373 , 18360 , -8987
3266 , 9373 , 18360 , -8987
3267 , 9373 , 18348 , -8975
3268 , 9373 , 18348 , -8975
3269 , 9373 , 18348 , -8975
3270 , 9373 , 18348 , -8975
3271 , 9373 , 18348 , -8975
3272 , 9373 , 18348 , -8975
3273 , 9373 , 18348 , -8975
3274 , 9373 , 18348 , -8975
3275 , 9373 , 18348 , -8975
3276 , 9373 , 18348 , -8975
3277 , 9373 , 18348 , -8975
3278 , 9373 , 18348 , -8975
3279 , 9373 , 18348 , -8975
3280 , 9373 , 18348 , -8975
3281 , 9373 , 18348 , -8975
3282 , 9373 , 18348 , -8975
3283 , 9373 , 18359 , -8986
3284 , 9373 , 18359 , -8986
3285 , 9373 , 18359 , -8986
3286 , 9373 , 18359 , -8986
3287 , 9373 , 18359 , -8986
3288 , 9373 , 18359 , -8986
3289 , 9373 , 18359 , -8986
3290 , 9373 , 3131 , 6242
3291 , 9373 , 18359 , -8986
3292 , 9373 , 18359 , -8986
3293 , 9373 , 18359 , -8986
3294 , 9373 , 18359 , -8986
3295 , 9373 , 18359 , -8986
3296 , 9373 , 18359 , -8986
3297 , 9373 , 18359 , -8986
3298 , 9373 , 18359 , -8986
3299 , 9373 , 18359 , -8986
3300 , 9373 , 3131 , 6242
3301 , 9373 , 18359 , -8986
3302 , 9373 , 18359 , -8986
3303 , 9373 , 3131 , 6242
3304 , 9373 , 3131 , 6242
3305 , 9373 , 3131 , 6242
3306 , 9373 , 3131 , 6242
3307 , 9373 , 3131 , 6242
3308 , 9373 , 3131 , 6242
3309 , 9373 , 3131 , 6242
3310 , 9373 , 3131 , 6242
3311 , 9373 , 3131 , 6242
3312 , 9373 , 18359 , -8986
3313 , 9373 , 3131 , 6242
3314 , 9373 , 3131 , 6242
3315 , 9373 , 3131 , 6242
3316 , 9373 , 3131 , 6242
3317 , 9373 , 3132 , 6241
3318 , 9373 , 3132 , 6241
3319 , 9373 , 3132 , 6241
3320 , 9373 , 3131 , 6242
3321 , 9373 , 3131 , 6242
3322 , 9373 , 3132 , 6241
3323 , 9373 , 3132 , 6241
3324 , 9373 , 3132 , 6241
3325 , 9373 , 3132 , 6241
3326 , 9373 , 3132 , 6241
3327 , 9373 , 3132 , 6241
3328 , 9373 , 3132 , 6241
3329 , 9373 , 3132 , 6241
3330 , 9373 , 3121 , 6252
3331 , 9373 , 3121 , 6252
3332 , 9373 , 3121 , 6252
3333 , 9373 , 3121 , 6252
3334 , 9373 , 3121 , 6252
3335 , 9373 , 3121 , 6252
3336 , 9373 , 3121 , 6252
3337 , 9373 , 3121 , 6252
3338 , 9373 , 3121 , 6252
3339 , 9373 , 3121 , 6252
3340 , 9373 , 3121 , 6252
3341 , 9373 , 3121 , 6252
3342 , 9373 , 3121 , 6252
3343 , 9373 , 3121 , 6252
3344 , 9373 , 3121 , 6252
3345 , 9373 , 3121 , 6252
3346 , 9373 , 3121 , 6252
3347 , 9373 , 3131 , 6242
3348 , 9373 , 3131 , 6242
3349 , 9373 , 3131 , 6242
3350 , 9373 , 3132 , 6241
3351 , 9373 , 3131 , 6242
3352 , 9373 , 3131 , 6242
3353 , 9373 , 3138 , 6235
3354 , 9373 , 3131 , 6242
3355 , 9373 , 3132 , 6241
3356 , 9373 , 3131 , 6242
3357 , 9373 , 3138 , 6235
3358 , 9373 , 3125 , 6248
3359 , 9373 , 3138 , 6235
3360 , 9373 , 3132 , 6241
3361 , 9373 , 3131 , 6242
3362 , 9373 , 3131 , 6242
3363 , 9373 , 3131 , 6242
3364 , 9373 , 3131 , 6242
3365 , 9373 , 3131 , 6242
3366 , 9373 , 3131 , 6242
3367 , 9373 , 3131 , 6242
3368 , 9373 , 3131 , 6242
3369 , 9373 , 3131 , 6242
3370 , 9373 , 3131 , 6242
3371 , 9373 , 3131 , 6242
3372 , 9373 , 3131 , 6242
3373 , 9373 , 3131 , 6242
3374 , 9373 , 3131 , 6242
3375 , 9373 , 3121 , 6252
3376 , 9373 , 3121 , 6252
3377 , 9373 , 3131 , 6242
3378 , 9373 , 3121 , 6252
3379 , 9373 , 3121 , 6252
3380 , 9373 , 3121 , 6252
3381 , 9373 , 3131 , 6242
3382 , 9373 , 3131 , 6242
3383 , 9373 , 3131 , 6242
3384 , 9373 , 3131 , 6242
3385 , 9373 , 3131 , 6242
3386 , 9373 , 3131 , 6242
3387 , 9373 , 3131 , 6242
3388 , 9373 , 3131 , 6242
3389 , 9373 , 3131 , 6242
3390 , 9373 , 3131 , 6242
3391 , 9373 , 3131 , 6242
3392 , 9373 , 3131 , 6242
3393 , 9373 , 3131 , 6242
3394 , 9373 , 3131 , 6242
3395 , 9373 , 3131 , 6242
3396 , 9373 , 2754 , 6619
3397 , 9373 , 3131 , 6242
3398 , 9373 , 2754 , 6619
3399 , 9373 , 2754 , 6619
3400 , 9373 , 2754 , 6619
3401 , 9373 , 2754 , 6619
3402 , 9373 , 2754 , 6619
3403 , 9373 , 2754 , 6619
3404 , 9373 , 2754 , 6619
3405 , 9373 , 2754 , 6619
3406 , 9373 , 2754 , 6619
3407 , 9373 , 2754 , 6619
3408 , 9373 , 2754 , 6619
3409 , 9373 , 2754 , 6619
3410 , 9373 , 2754 , 6619
3411 , 9373 , 2754 , 6619
3412 , 9373 , 2754 , 6619
3413 , 9373 , 2754 , 6619
3414 , 9373 , 2754 , 6619
3415 , 9373 , 2754 , 6619
3416 , 9373 , 2754 , 6619
3417 , 9373 , 2754 , 6619
3418 , 9373 , 2754 , 6619
3419 , 9373 , 2754 , 6619
3420 , 9373 , 2754 , 6619
3421 , 9373 , 2754 , 6619
3422 , 9373 , 2754 , 6619
3423 , 9373 , 2754 , 6619
3424 , 9373 , 2754 , 6619
3425 , 9373 , 2754 , 6619
3426 , 9373 , 2754 , 6619
3427 , 9373 , 2754 , 6619
3428 , 9373 , 2754 , 6619
3429 , 9373 , 2754 , 6619
3430 , 9373 , 2754 , 6619
3431 , 9373 , 2754 , 6619
3432 , 9373 , 2754 , 6619
3433 , 9373 , 3131 , 6242
3434 , 9373 , 3131 , 6242
3435 , 9373 , 3131 , 6242
3436 , 9373 , 3131 , 6242
3437 , 9373 , 3131 , 6242
3438 , 9373 , 3131 , 6242
3439 , 9373 , 3131 , 6242
3440 , 9373 , 3131 , 6242
3441 , 9373 , 3131 , 6242
3442 , 9373 , 3131 , 6242
3443 , 9373 , 3131 , 6242
3444 , 9373 , 3131 , 6242
3445 , 9373 , 3131 , 6242
3446 , 9373 , 3131 , 6242
3447 , 9373 , 3131 , 6242
3448 , 9373 , 3131 , 6242
3449 , 9373 , 3131 , 6242
3450 , 9373 , 3131 , 6242
3451 , 9373 , 3131 , 6242
3452 , 9373 , 3131 , 6242
3453 , 9373 , 3131 , 6242
3454 , 9373 , 3131 , 6242
3455 , 9373 , 3131 , 6242
3456 , 9373 , 3131 , 6242
3457 , 9373 , 3131 , 6242
3458 , 9373 , 3131 , 6242
3459 , 9373 , 3131 , 6242
3460 , 9373 , 3131 , 6242
3461 , 9373 , 3131 , 6242
3462 , 9373 , 3131 , 6242
3463 , 9373 , 3131 , 6242
3464 , 9373 , 3131 , 6242
3465 , 9373 , 3131 , 6242
3466 , 9373 , 3131 , 6242
3467 , 9373 , 3131 , 6242
3468 , 9373 , 3131 , 6242
3469 , 9373 , 3131 , 6242
3470 , 9373 , 3131 , 6242
3471 , 9373 , 3131 , 6242
3472 , 9373 , 3131 , 6242
3473 , 9373 , 3131 , 6242
3474 , 9373 , 3131 , 6242
3475 , 9373 , 3131 , 6242
3476 , 9373 , 3131 , 6242
3477 , 9373 , 3131 , 6242
3478 , 9373 , 3131 , 6242
3479 , 9373 , 3131 , 6242
3480 , 9373 , 3131 , 6242
3481 , 9373 , 3131 , 6242
3482 , 9373 , 3131 , 6242
3483 , 9373 , 3131 , 6242
3484 , 9373 , 3131 , 6242
3485 , 9373 , 3131 , 6242
3486 , 9373 , 3131 , 6242
3487 , 9373 , 3131 , 6242
3488 , 9373 , 3131 , 6242
3489 , 9373 , 3131 , 6242
3490 , 9373 , 3131 , 6242
3491 , 9373 , 3131 , 6242
3492 , 9373 , 3131 , 6242
3493 , 9373 , 3131 , 6242
3494 , 9373 , 3131 , 6242
3495 , 9373 , 3131 , 6242
3496 , 9373 , 3131 , 6242
3497 , 9373 , 3131 , 6242
3498 , 9373 , 3131 , 6242
3499 , 9373 , 3131 , 6242
3500 , 9373 , 3131 , 6242
